Mes,W_potential_Norte,adoption_rate_Norte,adopters_Norte,willing_Norte,available_market_Norte,Pct_adoption_Norte,initial_adopters0_Norte,initial_W0_Norte,W_potential_Centro,adoption_rate_Centro,adopters_Centro,willing_Centro,available_market_Centro,Pct_adoption_Centro,initial_adopters0_Centro,initial_W0_Centro,W_potential_Sur,adoption_rate_Sur,adopters_Sur,willing_Sur,available_market_Sur,Pct_adoption_Sur,initial_adopters0_Sur,initial_W0_Sur,National_Available_Market,National_Adopters,National_Percentage_of_Adoption
0,256604.0540558876,95.67110562362467,1594.3939393939395,258198.44799528155,293503.39100346016,0.005432284560470863,1594.3939393939395,256604.0540558876,1410820.782201602,634.5211613142592,12069.818181818182,1422890.60038342,1624136.4620938627,0.007431529593429347,12069.818181818182,1410820.782201602,731778.6930338105,180.44705738320263,1751.3838383838383,733530.0768721943,836572.6277372262,0.0020935227621790673,1751.3838383838383,731778.6930338105,2754212.4808345493,15415.595959595961,0.005597097561232787
1,256620.9882813605,98.87489242608984,1691.6557343102334,258509.4810354148,293856.95336102665,0.005756732025435177,1594.3939393939395,256604.0540558876,1410516.508935309,655.5965797370487,12714.813432156125,1423818.5732625453,1625195.682379959,0.007823558461302565,12069.818181818182,1410820.782201602,731755.3985007426,186.5280445126253,1934.8512114302887,733966.3161067507,837070.1476267052,0.0023114564734103304,1751.3838383838383,731778.6930338105,2756122.7833676906,16341.320377896647,0.005929097381477788
2,256759.47377153055,102.20419340546354,1792.1853909638612,258820.79508484376,294210.8351518889,0.006091500301267388,1594.3939393939395,256604.0540558876,1410563.060597127,677.4139290021816,13381.2581351615,1424747.0688145636,1626255.4992629425,0.008228263111931798,12069.818181818182,1410820.782201602,731900.9139385681,192.83963162289155,2124.516553908743,734402.8062719483,837567.9536962775,0.0025365303728885793,1751.3838383838383,731778.6930338105,2758034.288111109,17297.960080034107,0.00627184373834632
3,256940.33520095528,105.64939893505438,1896.1026438558472,259132.3903974523,294565.0366646457,0.006436957574209693,1594.3939393939395,256604.0540558876,1410723.7226925567,699.9551205303387,14069.882231352645,1425676.0873338657,1627315.913078841,0.008646066887364716,12069.818181818182,1410820.782201602,732104.0817227883,199.37033164289087,2320.6033552396266,734839.5475121253,838066.0461105573,0.0027689981786155,1751.3838383838383,731778.6930338105,2759946.995854044,18286.58823044812,0.006625702688463943
4,257134.79250363508,109.20918182216805,2003.5223221083088,259444.2672273534,294919.5581881564,0.006793453558716092,1594.3939393939395,256604.0540558876,1410912.2017848676,723.2271835252095,14781.411818986791,1426605.6291150087,1628376.9241638728,0.00907738963850562,12069.818181818182,1410820.782201602,732324.4588468958,206.12028659677833,2523.3302189810347,735276.5399717039,838564.4250342543,0.003009107164160893,1751.3838383838383,731778.6930338105,2761860.9073862834,19308.264360076137,0.006991034308946687
5,257331.89991561306,112.88520720343753,2114.559736103143,259756.42582888977,295274.4000115414,0.007161337847170265,1594.3939393939395,256604.0540558876,1411095.4293836616,747.24639212741,15516.585588731887,1427535.694452716,1629438.5328544446,0.00952265782100414,12069.818181818182,1410820.782201602,732546.6260754839,213.09388314922214,2732.9184487381835,735713.7837951886,839063.0906321725,0.0032571072178602563,1751.3838383838383,731778.6930338105,2763776.0234981584,20364.063773573213,0.00736820335672428
6,257528.08594444615,116.68043422526723,2229.332466942332,260068.86645663378,295629.5624241822,0.007540965959769573,1594.3939393939395,256604.0540558876,1411262.3380552242,772.0331703809327,16276.160446735701,1428466.283641876,1630500.7394871525,0.009982307920850806,12069.818181818182,1410820.782201602,732765.5099617074,220.2973834862896,2949.59461433109,736151.2791271673,839562.0430692107,0.003513253890740669,1751.3838383838383,731778.6930338105,2765692.3449805453,21455.087528009124,0.007757582858754322
7,257721.2853977286,120.59816111131768,2347.9614239563134,260381.5893653881,295985.0457157221,0.007932702877872438,1594.3939393939395,256604.0540558876,1411406.3449842925,797.6092226557486,17060.914980738926,1429397.3969775431,1631563.544398782,0.010456788544528148,12069.818181818182,1410820.782201602,732978.1486130207,227.7375976408685,3173.592100967484,736589.026112311,840061.2825103626,0.0037778102229444627,1751.3838383838383,731778.6930338105,2767609.8726248667,22582.46850566272,0.00815955627598805
8,257911.35277075678,124.6420957515548,2470.570855848795,260694.59481018523,296340.85017606564,0.008336923020842213,1594.3939393939395,256604.0540558876,1411526.5857399825,823.9977490631194,17871.64970607715,1430329.0347549391,1632626.9479263092,0.010946560528586726,12069.818181818182,1410820.782201602,733184.2717026565,235.42198210998782,3405.1511952783553,737027.0248953741,840560.8091207166,0.00405104682294238,1751.3838383838383,731778.6930338105,2769528.6072230916,23747.371757204302,0.008574517589480671
9,258097.446011449,128.81592914819828,2597.2889037589784,261007.8830462883,296696.97609537956,0.008754012049398255,1594.3939393939395,256604.0540558876,1411620.1043384536,851.2221616365284,18709.18908790182,1431261.1972694509,1633690.9504068987,0.011452098135967502,12069.818181818182,1410820.782201602,733382.6291794628,243.35805113373388,3644.519947305201,737465.2756211938,841060.6230654565,0.004333242869012027,1751.3838383838383,731778.6930338105,2771448.549567735,24950.997938966,0.009002872502488862
10,258279.761428544,133.1236207959296,2728.247363621552,261321.45432919104,297053.4237640927,0.009184365994004537,1594.3939393939395,256604.0540558876,1411687.0319163662,879.3069421968854,19574.3809285005,1432193.8848166326,1634755.5521779067,0.011973888635779513,12069.818181818182,1410820.782201602,733573.4257041259,251.55377336046337,3891.9538924238145,737903.7784346914,841560.7245098609,0.0046246857524043245,1751.3838383838383,731778.6930338105,2773369.70045186,26194.582184545867,0.009445037991248708
11,258458.12743430168,137.56917055008424,2863.5820683080633,261635.30891461804,297410.19347289624,0.009628392473269512,1594.3939393939395,256604.0540558876,1411726.3885684966,908.2769570550928,20468.097936283735,1433127.0976922044,1635820.753576878,0.012512433218326817,12069.818181818182,1410820.782201602,733756.347218848,260.01725993612075,4147.716702192168,738342.5334808709,842061.1136193033,0.004925671824892456,1751.3838383838383,731778.6930338105,2775292.0606690776,27479.396706783966,0.009901443201678432
12,258425.9270542368,142.12093214294254,3003.4217421435574,258845.77382125845,297767.28551274404,0.010086473189866302,1594.3939393939395,256604.0540558876,1411123.3761348953,938.0494814186003,21391.20424937409,1416526.0161790287,1636886.554941548,0.013068226496696927,12069.818181818182,1410820.782201602,733642.4921539549,268.70780959309246,4412.064961601527,729805.2564974162,842561.7905592526,0.005236488303929623,1751.3838383838383,731778.6930338105,2777215.6310135447,28806.69095311917,0.010372507856945256
13,258276.12592912684,146.7974647786014,3147.867880968467,259156.47039301012,298124.7001748528,0.010558896593010288,1594.3939393939395,256604.0540558876,1410154.1615927054,968.6936518810803,22344.49456457338,1417448.8569845052,1637952.9566098426,0.013641719363430898,12069.818181818182,1410820.782201602,733361.8495575953,277.65388446971525,4685.220726089537,730239.179383221,843062.7554952727,0.005557380747222214,1751.3838383838383,731778.6930338105,2779140.412279968,30177.583171631384,0.01085860327110069
14,258126.92813201802,151.62319711296522,3297.0656780772733,259467.44767006813,298482.4377507023,0.011046096054840719,1594.3939393939395,256604.0540558876,1409169.7471489618,1000.2968108085854,23328.909008317092,1418372.2175722772,1639019.9589198772,0.014233450228202814,12069.818181818182,1410820.782201602,733079.6012275696,286.891969421805,4967.469056115194,730673.351867272,843564.0085930228,0.005888668797523043,1751.3838383838383,731778.6930338105,2781066.4052636023,31593.44374250956,0.011360190350979767
15,257972.82867368468,156.6015119673968,3451.165136410608,259778.70590604167,298840.49853203585,0.011548518869977193,1594.3939393939395,256604.0540558876,1408153.240318174,1032.8829193242354,24345.41583910473,1419296.0982351082,1640087.5622099584,0.014843973212198602,12069.818181818182,1410820.782201602,732787.9657227973,296.4297409324486,5259.1045608874865,731107.7740931415,844065.5500182573,0.006230682629771741,1751.3838383838383,731778.6930338105,2782993.6107602515,33055.68553640282,0.011877743954781394
16,257813.67277666836,161.73682237223605,3610.3210334269284,260090.24535476888,299198.8828108601,0.012066626049901425,1594.3939393939395,256604.0540558876,1407103.644555393,1066.479296819943,25395.01160188593,1420220.4992659257,1641155.7668185832,0.015473858189046077,12069.818181818182,1410820.782201602,732486.638786253,306.2763954099876,5560.431497431716,731542.4462044846,844567.3799368263,0.006583763035990849,1751.3838383838383,731778.6930338105,2784922.02956627,34565.764132744574,0.012411752920108836
17,257649.30119431057,167.033640987719,3774.692615784724,260402.0662703172,299557.59087944555,0.012600891216620237,1594.3939393939395,256604.0540558876,1406019.9356905594,1101.1138003166604,26478.720466719275,1421145.4209578233,1642224.5730844396,0.016123690328775635,12069.818181818182,1410820.782201602,732175.3068267701,316.44137583784175,5871.763456914763,731977.3683450384,845069.4985146748,0.006948261021413256,1751.3838383838383,731778.6930338105,2786851.6624785597,36125.17653941876,0.01296271955403966
18,257479.55012180083,172.49657997109261,3944.4436882944838,260714.1689069838,299916.62303032685,0.013151800818641623,1594.3939393939395,256604.0540558876,1404901.0614527643,1136.814816862961,27597.594704514486,1422070.863604058,1643293.9813464053,0.016794070335426445,12069.818181818182,1410820.782201602,731853.646696748,326.9343749614944,6193.42358693681,732412.540658623,845571.9059178435,0.007324538035844546,1751.3838383838383,731778.6930338105,2788782.5102945757,37735.46197974578,0.013531159866518178
19,257304.2510922586,178.1303511448144,4119.742717836703,261026.5535192956,300275.97955630306,0.013719854395027403,1594.3939393939395,256604.0540558876,1403745.9409265162,1173.61125678457,28752.71523076248,1422996.8274980537,1644363.9919435503,0.017485614724984524,12069.818181818182,1410820.782201602,731521.3254263772,337.7653396339402,6525.744857307489,732847.9632891413,846074.6023124683,0.007712966255542358,1751.3838383838383,731778.6930338105,2790714.5738123218,39398.20280590667,0.014117603847994323
20,257123.23087387552,183.93976593779388,4300.762936219778,261339.22036200922,300635.66075043747,0.01430556483380696,1594.3939393939395,256604.0540558876,1402553.4640026165,1211.5325457050453,29945.192154662145,1423923.3129333984,1645434.6052151339,0.0181989561054278,12069.818181818182,1410820.782201602,731177.9999657591,348.94447462375706,6869.07031792564,733283.6363805792,846577.5878647815,0.008113928854708581,1751.3838383838383,731778.6930338105,2792647.853830353,41115.02540880756,0.014722595744542164
21,257002.6409688001,189.94156349780968,4487.685547445945,261652.16969011162,300995.6669060583,0.01490946894211127,1594.3939393939395,256604.0540558876,1401322.4909153273,1250.6086123574823,31176.165241951432,1424850.3202038454,1646505.8215006073,0.01893474340317717,12069.818181818182,1410820.782201602,730823.316934929,360.4822458715671,7223.753348755694,733719.5600770051,847080.8627411103,0.0085278202666272,1751.3838383838383,731778.6930338105,2794582.351147776,42887.604138153074,0.01534669540890019
22,257027.1764766106,196.15677164595112,4680.717509509889,261965.40175882026,301355.99831675895,0.015532186303422872,1594.3939393939395,256604.0540558876,1400051.8517172786,1290.86987685267,32446.8044400001,1425777.849603315,1647577.6411396142,0.019693642126362522,12069.818181818182,1410820.782201602,730456.9123546511,372.38938406163703,7590.157929033572,734155.7345225702,847584.4271078774,0.008955046466500883,1751.3838383838383,731778.6930338105,2796518.0665642507,44717.67987854356,0.015990484886615752
23,257106.01032362515,202.57537003889803,4880.066752385193,262278.91682358296,301716.65527639777,0.016174336640165397,1594.3939393939395,256604.0540558876,1398740.3458022012,1332.3472358262266,33758.310355077316,1426705.9014258909,1648650.064471987,0.020476334597960354,12069.818181818182,1410820.782201602,730078.4113814058,384.67688772702365,7968.658902278881,734592.1598615089,848088.2811316021,0.009396025248275238,1751.3838383838383,731778.6930338105,2798455.000879987,46607.036009741394,0.016654559746390633
24,257047.30278940804,209.16844451327609,5085.928915647147,259587.39160904678,302077.63807909883,0.016836495902140893,1594.3939393939395,256604.0540558876,1397386.7414339522,1375.0720457173095,35111.91472332621,1410957.0613715916,1649723.0918377521,0.021283520184113065,12069.818181818182,1410820.782201602,729687.4280374291,397.3560261673574,8359.642246255538,726685.1408371297,848592.4249788985,0.009851186506246994,1751.3838383838383,731778.6930338105,2800393.1548957494,48557.4858852289,0.017339524559378008
25,256834.7671055212,215.93681406662228,5298.464599533976,259897.8788266236,302438.9470192519,0.01751912130284166,1594.3939393939395,256604.0540558876,1395989.774978582,1419.0761136449923,36508.881178696196,1411875.3053432477,1650796.7235771257,0.022115915701349822,12069.818181818182,1410820.782201602,729283.5647890617,410.43834690971005,8763.505494623014,727117.108603414,849096.8588164772,0.010320972694255541,1751.3838383838383,731778.6930338105,2802332.5294128545,50570.851272853186,0.018045985172019826
26,256615.35992821975,222.9119605615762,5517.8717768354445,260208.64656036175,302800.58239151293,0.018222791162604127,1594.3939393939395,256604.0540558876,1394548.150326984,1464.391680352037,37950.50583029437,1412794.0665080722,1651870.9600305166,0.022974255706749196,12069.818181818182,1410820.782201602,728866.4122704759,423.9356780461414,9180.658013208753,727549.3248433337,849601.5828111445,0.010805839112060005,1751.3838383838383,731778.6930338105,2804273.1252331743,52649.035620338575,0.018774574825325126
27,256388.87201690816,230.09936775973674,5744.359688147026,260519.69506369898,303162.5444908034,0.018948118072420007,1594.3939393939395,256604.0540558876,1393060.5411300226,1511.0513130633583,39438.11502725563,1413713.3451573686,1652945.8015385238,0.023859291085374698,12069.818181818182,1410820.782201602,728435.550160079,437.86009292882915,9611.520123605666,727981.789699814,850106.5971298027,0.011306252834711367,1751.3838383838383,731778.6930338105,2806214.94315913,54793.99483900832,0.019525943646114055
28,256155.0884281713,237.50461417326198,5978.143276883907,260831.02459030208,303524.8336123112,0.01969573034844233,1594.3939393939395,256604.0540558876,1391525.587509471,1559.087970171572,40973.06864780735,1414633.1415826068,1654021.24844194,0.02477179098297757,12069.818181818182,1410820.782201602,727990.5454083827,452.2239601437635,10056.524875301931,728414.5033158626,850611.9019394497,0.011822694759351954,1751.3838383838383,731778.6930338105,2808157.9839937007,57007.73679999319,0.020300758406376424
29,255913.7884419616,245.1333698227616,6219.443263093596,261142.6353940676,303887.4500514917,0.02046627217425318,1594.3939393939395,256604.0540558876,1389941.8956754855,1608.5349720168233,42556.76048179289,1415553.456075419,1655097.3010817482,0.025712542974952825,12069.818181818182,1410820.782201602,727530.9520467207,467.0399417464855,10516.118236964006,728847.4658345693,851117.4974071801,0.012355659787279672,1751.3838383838383,731778.6930338105,2810102.24854042,59292.321981850495,0.021099702693255094
30,255664.74556159927,252.99139036105564,6468.486143455923,261454.52772912162,304250.3941040672,0.021260403499242183,1594.3939393939395,256604.0540558876,1388308.0379266068,1659.4259576013828,44190.61823067156,1416474.2889276028,1656173.9597991253,0.026682353003564533,12069.818181818182,1410820.782201602,727056.311187248,482.32098487595664,10990.759096436639,729280.6773991063,851623.3837001843,0.012905656780680834,1751.3838383838383,731778.6930338105,2812047.7376033766,61649.863470564116,0.02192347684790957
31,255407.72751377214,261.08451090406794,6725.504191283038,261766.70184981954,304613.666066027,0.02207879993744352,1594.3939393939395,256604.0540558876,1386622.5526497597,1711.7948392238488,45876.103507518645,1417395.6404311196,1657251.224935439,0.0276820453153117,12069.818181818182,1410820.782201602,726566.1510229418,498.0803129280548,11480.919260742852,729714.1381527281,852129.5609857489,0.013473208519443513,1751.3838383838383,731778.6930338105,2813994.451987215,64082.52695954454,0.022772797904519713
32,255144.35663134794,269.41899895181507,6990.735602393135,262079.15801074638,304977.26623362757,0.02292215314513931,1594.3939393939395,256604.0540558876,1384883.9447878357,1765.6757404822283,47614.71136944272,1418317.5108780956,1658329.0968322498,0.028712462116474123,12069.818181818182,1410820.782201602,726059.9867055182,514.3314201867863,11987.083578166355,730147.8482387714,852636.0294312567,0.014058851801233679,1751.3838383838383,731778.6930338105,2815942.3924971344,66592.53055000221,0.023648399458537566
33,254954.01982272952,278.01634150153774,7264.429471314776,262391.8964667172,305341.19490339304,0.023791187014949523,1594.3939393939395,256604.0540558876,1383090.6857404325,1821.1029497678678,49407.97041684613,1419239.9005608212,1659407.5758313101,0.029774463571491362,12069.818181818182,1410820.782201602,725537.3196665292,531.0880837810364,12509.75061715538,730581.8078006558,853142.7892041866,0.0146631381938122,1751.3838383838383,731778.6930338105,2817891.55993889,69182.15050531628,0.02455103364829859
34,254896.61210127894,286.89561586533057,7546.862445256813,262704.91747277736,305705.4523721156,0.024686711953277506,1594.3939393939395,256604.0540558876,1381241.211977416,1878.1109110242553,51257.44417986247,1420162.8097717515,1660486.6622745655,0.030868928576426546,12069.818181818182,1410820.782201602,724997.6373379607,548.3643621626277,13049.432945723856,731016.016981883,853649.8404721143,0.015286634316603185,1751.3838383838383,731778.6930338105,2819841.9551187954,71853.73957084314,0.0254814775843762
35,254885.70672828364,296.04756459397436,7838.311391098641,263018.2212842026,306070.0389368554,0.025609535053889236,1594.3939393939395,256604.0540558876,1379333.925491106,1936.7341549448035,53164.73066617265,1421086.238803507,1661566.3565041542,0.03199675442275346,12069.818181818182,1410820.782201602,724440.4129620831,566.1745901119035,13606.657321601417,731450.4759260373,854157.1834027114,0.015929922016690756,1751.3838383838383,731778.6930338105,2821793.578843721,74609.69937887271,0.026440523480617362
36,254788.80783849105,305.4527344557065,8139.045680689737,260480.55912615842,306434.95489494124,0.026560434933019125,1594.3939393939395,256604.0540558876,1377367.19371873,1997.0072440945105,55131.46243854871,1405844.8092180968,1662646.6588624055,0.033158856780953115,12069.818181818182,1410820.782201602,723865.1053080374,584.5333760910374,14181.964975647174,724120.2928838165,854664.8181637463,0.01659359865323254,1751.3838383838383,731778.6930338105,2823746.431921093,77452.47309488562,0.027428975994204977
37,254476.6136568382,315.0896668762844,8449.293865515978,260791.03085713356,306800.20054397045,0.027540053267680407,1594.3939393939395,256604.0540558876,1375339.3495418394,2058.9647130339495,57159.306615439345,1406758.7694216636,1663727.5696918438,0.034356169637813,12069.818181818182,1410820.782201602,723271.1584005328,603.4555985257397,14775.911883151808,724550.637114582,855172.7449230837,0.017278277366616482,1751.3838383838383,731778.6930338105,2825700.5151588977,80384.51236410714,0.028447640481668975
38,254156.58971302747,325.0050819057938,8769.317809326705,261101.78309027792,307165.776181809,0.02854913694596046,1594.3939393939395,256604.0540558876,1373248.6913129415,2122.6410049141073,59249.96484433738,1407673.2444056019,1664809.0893351848,0.035589645217517354,12069.818181818182,1410820.782201602,722658.001239013,622.9564016732174,15389.069044671543,724981.2288851036,855680.9638486851,0.01798458735771628,1751.3838383838383,731778.6930338105,2827655.829365679,83408.35169833564,0.029497349299771897
39,253826.5086920468,335.20489389923586,9099.398830307395,261412.8160790171,307531.68210659234,0.029588492372481765,1594.3939393939395,256604.0540558876,1371093.4831465017,2188.0703972795604,61405.17301077698,1408588.2344598575,1665891.2181353376,0.036860253744244426,12069.818181818182,1410820.782201602,722025.0476019561,643.0511880342592,16022.02268172855,725412.0683377692,856189.4751086083,0.01871317406663536,1751.3838383838383,731778.6930338105,2829612.375350538,86526.59452281293,0.030578956777461024
40,253486.0830210108,345.6954271236394,9439.82450134339,261724.13007700566,307897.9186167251,0.03065894223563815,1594.3939393939395,256604.0540558876,1368871.954816953,2255.2869370331036,63626.70134032563,1409503.7398745397,1666973.9564354054,0.038168983441338566,12069.818181818182,1410820.782201602,721371.6956566917,663.755616159771,16675.374626992943,725843.1556150491,856698.2788710077,0.019464699577742165,1751.3838383838383,731778.6930338105,2831570.153923138,89741.90046866196,0.03169333464838391
41,253135.01881363872,356.4830203617806,9790.888708715473,262035.72533812723,308264.48601088143,0.031761325592237905,1594.3939393939395,256604.0540558876,1366582.3022836586,2324.3243534912904,65916.35387362009,1410419.7609399206,1668057.304578683,0.03951684015452287,12069.818181818182,1410820.782201602,720697.327848376,685.0855887666586,17349.742435308635,726274.4908594954,857207.3753041351,0.020239842697518776,1751.3838383838383,731778.6930338105,2833529.1658936995,93056.9850176442,0.03284137186154351
42,252773.01584861358,367.5740170290907,10152.891673740596,262347.60211649485,308631.3845880055,0.032896497831203304,1594.3939393939395,256604.0540558876,1364222.688050577,2395.2159736659473,68275.96810670191,1411336.2979464366,1669141.2629086606,0.04090484707550971,12069.818181818182,1410820.782201602,720001.310594759,707.0572461690356,18045.75968892574,726706.0742137418,857716.7645763382,0.021039299258467085,1751.3838383838383,731778.6930338105,2835489.412073004,96474.61946936825,0.034023974506339774
43,252399.76753745347,378.9747551188809,10526.139984900708,262659.7606664512,308998.6146473114,0.0340653306711914,1594.3939393939395,256604.0540558876,1361791.2413476058,2467.9946399656387,70707.41480967289,1412253.3511846864,1670225.8317690196,0.042334044573351576,12069.818181818182,1410820.782201602,719282.9940174689,729.6869576401843,18764.07626621577,727137.9058205049,858226.4468560623,0.021863782379294112,1751.3838383838383,731778.6930338105,2837450.8932723934,99997.63106078937,0.03524206579147647
44,252017.00946695788,390.6920114737333,10910.946471147501,262972.20124256867,309366.17648828373,0.035268711644567,1594.3939393939395,256604.0540558876,1359286.0589964103,2542.6926044200395,73212.59716086835,1413170.9209454341,1671311.0115036368,0.04380548961680136,12069.818181818182,1410820.782201602,718541.7118019998,752.9913077826047,19505.358481684798,727569.9858225824,858736.422311849,0.022714022574206655,1751.3838383838383,731778.6930338105,2839413.61030377,103628.90211370065,0.03649658568151122
45,251763.38502409292,402.7642916413178,11307.644149739732,263284.9240996497,309734.07041067746,0.03650758902547236,1594.3939393939395,256604.0540558876,1356705.2058447932,2619.3414329894053,75793.45031248548,1414089.007519606,1672396.8024565815,0.0453202554568106,12069.818181818182,1410820.782201602,717776.7809288029,776.9870859953145,20270.28935488176,728002.3143628549,859246.6911123372,0.02359076801173464,1751.3838383838383,731778.6930338105,2841377.563979596,107371.38381710698,0.03778849568542522
46,251604.72413913297,415.19290907447316,11716.59359563812,263597.92949272686,310102.2967145185,0.03778299522374859,1594.3939393939395,256604.0540558876,1354046.7155749623,2697.971895777839,78451.9405823162,1415007.6111982933,1673483.2049721177,0.04687943108674539,12069.818181818182,1410820.782201602,716987.501495698,801.6912720484788,21059.568787986642,728434.8915842847,859757.2534262625,0.02449478466632422,1751.3838383838383,731778.6930338105,2843342.7551128985,111228.10296594095,0.03911878114797472
47,251473.3841182311,427.97027317732943,12138.146112168246,263911.21767706337,310470.855700104,0.03909592765091278,1594.3939393939395,256604.0540558876,1351308.5915439557,2778.613853458459,81190.06461332292,1415926.7322727502,1674570.2193947025,0.04848412068540801,12069.818181818182,1410820.782201602,716173.1565323911,827.1210208586839,21873.91375129361,728867.7176299166,860268.109422458,0.025426856478474702,1751.3838383838383,731778.6930338105,2845309.1845172644,115202.12447678478,0.040488437988973766
48,251189.83524198012,441.05988234001353,12572.641541778861,261565.0148817881,310839.7476680019,0.04044734187343152,1594.3939393939395,256604.0540558876,1348488.8077475633,2861.2961372297077,84009.84840971518,1401759.6523600037,1675657.8460689874,0.0501354429884348,12069.818181818182,1410820.782201602,715333.0118306727,853.2936456814284,22714.058453011927,722558.0684309704,860779.2592698536,0.02638778549599217,1751.3838383838383,731778.6930338105,2847276.853006843,119296.54840450597,0.04189847161456177
49,250742.10379824904,454.46135843644333,13020.372985509943,261875.71005192088,311208.97291905235,0.04183803848386028,1594.3939393939395,256604.0540558876,1345585.3098910302,2946.0464228739124,86913.34626624823,1402670.011181491,1676746.0853398177,0.05183453059837259,12069.818181818182,1410820.782201602,714466.3156547673,880.2266038882558,23580.75462891733,722987.3862718928,861290.7031374765,0.027378392153796935,1751.3838383838383,731778.6930338105,2849245.7613963466,123514.4738806755,0.04334988422344587
50,250280.7945730017,468.2162483234129,13481.682210757273,262186.68592609384,311578.53175436694,0.04326897021706734,1594.3939393939395,256604.0540558876,1342596.0161261065,3032.891111767452,89902.64003117186,1403580.8827549024,1677834.937552234,0.053582529496214545,12069.818181818182,1410820.782201602,713572.2988619851,907.9374688011616,24474.771421699657,723416.9510621779,861802.4411944508,0.028399515076538692,1751.3838383838383,731778.6930338105,2851215.9105010517,127859.09366362878,0.044843707974805656
51,249805.55133391297,482.3303608770204,13956.925449846007,262497.9427579146,311948.424475329,0.04474113140119358,1594.3939393939395,256604.0540558876,1339518.8197418654,3121.855152534602,92979.836415413,1404492.267369041,1678924.4030514704,0.05538059739105629,12069.818181818182,1410820.782201602,712650.1751011863,936.443898031877,25396.895182498418,723846.7629438743,862314.4736099984,0.029452010791581298,1751.3838383838383,731778.6930338105,2853187.3011367978,132333.6570477574,0.04638099188056515
52,249316.01213719754,496.80935764213893,14446.464646561433,262809.4808012203,312318.65138359455,0.04625552967318005,1594.3939393939395,256604.0540558876,1336351.5906461403,3212.961896086022,96147.06551113822,1405404.1653128718,1680014.4821829547,0.05722990279596158,12069.818181818182,1410820.782201602,711699.1400192999,965.7636312707498,26347.930264384788,724276.8220591125,862826.8005534381,0.03053675459256085,1751.3838383838383,731778.6930338105,2855159.9341199873,136941.46042208443,0.04796279843577039
53,248811.8093250641,511.658736561658,14950.667458694877,263121.3003100775,312689.2127810924,0.04781318589701893,1594.3939393939395,256604.0540558876,1333092.1753869136,3306.2329900595932,99406.48077036487,1406316.5768755241,1681105.1752923105,0.05913162497586153,12069.818181818182,1410820.782201602,710718.3712350595,995.9144628755986,27328.69904862519,724707.1285501046,863339.4221941866,0.0316546405111086,1751.3838383838383,731778.6930338105,2857133.8102675895,141685.84727768495,0.0495902035699249
54,248292.56961096558,526.8838124891474,15469.9071727934,263433.4015387822,313060.10897002375,0.04941513380190729,1594.3939393939395,256604.0540558876,1329738.3978254057,3401.6882511789454,102760.25833187264,1407229.5023462896,1682196.4827253567,0.061086953508182884,12069.818181818182,1410820.782201602,709707.0284320073,1026.9142094928575,28340.04185167744,725137.6825591441,863852.3387017574,0.032806581150510446,1751.3838383838383,731778.6930338105,2859108.930397138,146570.20735634348,0.05126429629807231
55,247757.9690029557,542.4896941833092,16004.561979325334,263745.78474185977,313431.3402528628,0.05106241758215228,1594.3939393939395,256604.0540558876,1326288.0651796027,3499.3453830032663,106210.59097767541,1408142.9420146218,1683288.4048281042,0.06309708465467719,12069.818181818182,1410820.782201602,708664.2539639808,1058.7806607434163,29382.81631970398,725568.484228607,864365.5502457621,0.033993506926958926,1751.3838383838383,731778.6930338105,2861085.2953267293,151597.9692767047,0.05298617609349971
56,247312.47659192397,558.51283396249,16555.026038875316,264058.4501740661,313802.9069323572,0.05275612708853551,1594.3939393939395,256604.0540558876,1322738.9679152304,3599.219868574678,109759.6882420478,1409056.8961701388,1684380.9419467614,0.06516322140001807,12069.818181818182,1410820.782201602,707589.1722930684,1091.5315643771066,30457.897990616464,725999.5337009507,864879.0569959093,0.03521636666334554,1751.3838383838383,731778.6930338105,2863062.905875028,156772.6122715396,0.05475695694629725
57,246981.48530406525,574.9698935521644,17121.732347016343,264371.398090387,314174.80931152805,0.05449747032404133,1594.3939393939395,256604.0540558876,1319088.8819310702,3701.324795592358,113409.77422620793,1409971.365102621,1685474.094427731,0.0672865721289617,12069.818181818182,1410820.782201602,706480.8901262301,1125.184588493415,31566.180157454713,726430.8311187148,865392.8591220058,0.03647612737350357,1751.3838383838383,731778.6930338105,2865041.762861265,162097.68673067898,0.05657777447851056
58,246682.99444485127,591.8441307579302,17705.104805939198,264684.62874603854,314547.04769367026,0.05628762035999705,1594.3939393939395,256604.0540558876,1315335.5713131547,3805.670664666926,117163.08484412341,1410886.3491020126,1686567.8626176105,0.06946834897131404,12069.818181818182,1410820.782201602,705338.4965574705,1159.757282189013,32708.573726214312,726862.3766245209,865906.9567939556,0.03777377404071069,1751.3838383838383,731778.6930338105,2867021.8671052363,167576.76337627694,0.05844976813709315
59,246388.45341917215,609.1327339730881,18305.558326793456,264998.1423964674,314919.62238235265,0.05812771585432733,1594.3939393939395,256604.0540558876,1311476.7910155186,3912.265199220402,121021.86514175952,1411801.84845842,1687662.2468631924,0.07170976619682004,12069.818181818182,1410820.782201602,704161.0632073791,1195.2670348411239,33886.007076305694,727294.1703610724,866421.3501817608,0.03911030939992068,1751.3838383838383,731778.6930338105,2869003.2194273057,173213.43054485868,0.060374080228266375
60,245880.26860425412,626.7670989202959,18923.486316534556,262824.410314101,315292.53368141846,0.0600188215546374,1594.3939393939395,256604.0540558876,1307510.2897414102,4021.1131496826683,124988.36641586796,1399121.3382754612,1688757.247511465,0.07401203849756945,12069.818181818182,1410820.782201602,702947.644403895,1231.731032667815,35099.42587978985,721904.8032774081,866936.039455521,0.040486753673124536,1751.3838383838383,731778.6930338105,2870985.820648405,179011.27861219237,0.06235185047753497
61,245244.5328276712,644.7724872083286,19559.22209311746,263135.5459457828,315665.78189498535,0.061961806489448254,1594.3939393939395,256604.0540558876,1303433.8130160256,4132.216092738235,129064.84314125267,1400029.0481802402,1689852.8649096123,0.07637637916373041,12069.818181818182,1410820.782201602,701697.2774083547,1269.1662124345403,36349.7928753301,722333.63581679,867451.0247854338,0.041904144253355764,1751.3838383838383,731778.6930338105,2872969.6715900316,184973.85810970023,0.06438420145497997
62,244590.58709409233,663.187455914442,20213.16782669634,263446.9626794489,316039.3673274458,0.0639577531040734,1594.3939393939395,256604.0540558876,1299245.1064270926,4245.572226805561,133253.5497301856,1400937.269344963,1690949.099405013,0.07880399816710801,12069.818181818182,1410820.782201602,700408.9826938114,1307.5892120966105,37638.0875898734,722762.7150263829,867966.3063417947,0.04336353532950619,1751.3838383838383,731778.6930338105,2874954.7730742535,191104.80514675533,0.06647228225521012
63,243918.02056004238,682.014476870858,20885.734360746308,263758.6607690666,316413.2902834672,0.06600776579907648,1594.3939393939395,256604.0540558876,1294941.9192549854,4361.176158371896,137556.7369022928,1401846.0020575924,1692045.9513452423,0.0812961000219467,12069.818181818182,1410820.782201602,699081.7642782902,1347.0163183064487,38965.306005394596,723192.0410480747,868481.884294997,0.04486599744912959,1751.3838383838383,731778.6930338105,2876941.125923706,197407.7772684337,0.06861724610546263
64,243226.42011721653,701.2555483890735,21577.334803572136,264070.6404688329,316787.5510679923,0.06811295055890937,1594.3939393939395,256604.0540558876,1290522.0078604976,4479.018696884327,141976.64829678068,1402755.246606253,1693143.4210780703,0.08385388179719606,12069.818181818182,1410820.782201602,697714.610054216,1387.4634125362672,40332.460229468794,723621.6140238352,868997.7588155322,0.04641261708711775,1751.3838383838383,731778.6930338105,2878928.7309615947,203886.4433298216,0.07082024682900755
65,242515.37094411012,720.9121585599551,22288.38397667855,264382.90203317447,317162.1499862393,0.0702744131909989,1594.3939393939395,256604.0540558876,1285983.1400133192,4599.086627090607,146515.516143959,1403665.003279233,1694241.508951464,0.08647853058129525,12069.818181818182,1410820.782201602,696306.4923140378,1428.9459099058586,41740.577969646976,724051.4340957153,869513.9300739898,0.04800449599018515,1751.3838383838383,731778.6930338105,2880917.5890116934,210544.4780902845,0.07308243696152113
66,241784.4569698799,740.9852509703697,23019.297950908785,264695.44571674766,317537.0873437022,0.07249325785366512,1594.3939393939395,256604.0540558876,1281323.0985972926,4721.362501539202,151175.5575599855,1404575.2723649812,1695340.2153135855,0.08917122132446005,12069.818181818182,1410820.782201602,694856.3681379175,1471.4787006473432,43190.70214576726,724481.5014058482,870030.3982410573,0.04964275068214399,1751.3838383838383,731778.6930338105,2882907.7008983446,217385.55765666152,0.07540496616971881
67,241088.7539752923,761.4995295039906,23770.499724611396,265008.27177443897,317912.36344615096,0.07477060491432483,1594.3939393939395,256604.0540558876,1276539.6862751483,4845.824411810243,155958.96988212998,1405486.0541521106,1696439.5405127937,0.09193311412382386,12069.818181818182,1410820.782201602,693363.180040025,1515.0760825158643,44683.89024365979,724911.8160964487,870547.1634875207,0.051328511673796685,1751.3838383838383,731778.6930338105,2884899.067446465,224413.35985040118,0.07778898138333763
68,240526.2769207541,782.5037680006536,24542.461802276306,265321.3804613652,318287.97859963175,0.07710772461547406,1594.3939393939395,256604.0540558876,1271630.7299062521,4972.445771489543,160867.92625102622,1406397.3489293957,1697539.4848976433,0.09476535166469255,12069.818181818182,1410820.782201602,691825.8565556362,1559.7516935921153,46221.2137280486,725342.3783098133,871064.2259842639,0.053062922743521784,1751.3838383838383,731778.6930338105,2886891.6894815387,231631.60178135114,0.08023563981472066
69,240008.3268500369,803.965680865895,25335.659110023324,265634.77203287365,318663.9331104674,0.0795058884220842,1594.3939393939395,256604.0540558876,1266594.0853566318,5101.195094850511,165904.5708006465,1407309.1569857732,1698640.0488168849,0.09766905644088648,12069.818181818182,1410820.782201602,690243.3129335347,1605.5184406764722,47803.7573501501,725773.1881883206,871581.5859022693,0.05484714009952747,1751.3838383838383,731778.6930338105,2888885.5678296215,239043.98726081994,0.08274609071497778
70,239492.61757173043,825.8684447018284,26150.539803371066,265948.4467445423,319040.2272852573,0.08196627750013978,1594.3939393939395,256604.0540558876,1261427.642533671,5232.035776759424,171071.01362360723,1408221.4786103435,1699741.232619466,0.10064532785379937,12069.818181818182,1410820.782201602,688614.4519179768,1652.3884238371445,49432.618365708004,726204.2458744305,872099.2434126176,0.056682331442317144,1751.3838383838383,731778.6930338105,2890880.703317341,246654.1717926863,0.0853214632861349
71,238964.1306797365,848.2052121253761,26987.540619694348,266262.40485218004,319416.86143087805,0.08449003129890957,1594.3939393939395,256604.0540558876,1256129.3306028564,5364.925875960213,176369.3255544218,1409134.3140923702,1700843.0366545315,0.10369523921580145,12069.818181818182,1410820.782201602,686938.1645915643,1700.3728580397237,51108.90569212045,726635.5515106855,872617.1986864877,0.05856967496062699,1751.3838383838383,731778.6930338105,2892877.0967718973,254465.77186623658,0.08796286995745162
72,238268.08343859794,870.8924546638174,27847.07565980874,264291.0301260113,319793.83585448336,0.08707821270351211,1594.3939393939395,256604.0540558876,1250697.123411997,5499.817902191771,181801.53274528094,1397764.0143997336,1701945.461271421,0.10681983464350729,12069.818181818182,1410820.782201602,685213.331291627,1749.4819915926332,52833.73899205776,722047.0254739082,873135.4518951575,0.06051035824668567,1751.3838383838383,731778.6930338105,2894874.7490210617,262482.34739714745,0.0906714003726445
73,237385.7188924294,893.9041568857574,28729.440205977266,264602.85906464525,320171.15086350444,0.08973150806527605,1594.3939393939395,256604.0540558876,1245129.0451874433,5636.658606744721,187369.6109698348,1398669.917325929,1703048.506819673,0.110020125803542,12069.818181818182,1410820.782201602,683438.8226289878,1799.7250207113032,54608.24765469691,722475.8460350559,873654.0032100029,0.06250557709808897,1751.3838383838383,731778.6930338105,2896873.6608931804,270707.29883050895,0.09344808594346601
74,236480.14091167404,917.3184464640003,29635.018186732625,264914.9697316462,320548.8067656504,0.09245087662546955,1594.3939393939395,256604.0540558876,1239423.176263676,5775.388783593861,193075.47989360197,1399576.3304943026,1704152.1736490217,0.11329708865152484,12069.818181818182,1410820.782201602,681613.5005697215,1851.1100014719082,56433.56971396341,722904.9132595245,874172.8528024985,0.06455653425182882,1751.3838383838383,731778.6930338105,2898873.8332171706,279144.067794298,0.09629396926340318
75,235550.94965911817,941.1297241937853,30564.209439288512,265227.36238154734,320926.80386890814,0.09523732225175355,1594.3939393939395,256604.0540558876,1233577.6595078052,5915.943066275229,198920.9966494727,1400483.2541922438,1705256.4621093976,0.11665165977638811,12069.818181818182,1410820.782201602,679736.2196879679,1903.6437562765675,58310.85059571692,723334.2272891981,874692.0008442176,0.06666443792722196,1751.3838383838383,731778.6930338105,2900875.2668225234,287796.0566844781,0.09921007634351539
76,234597.75130301577,965.3314524478443,31517.407795390896,265540.037269112,321305.1424815429,0.09809182496106918,1594.3939393939395,256604.0540558876,1227590.7059304994,6058.249758458674,204907.95022677866,1401390.6887073047,1706361.3725509304,0.12008473323587422,12069.818181818182,1410820.782201602,677805.8282828024,1957.3317836243382,60241.242000882485,723763.7882660422,875211.4475068324,0.06883050052931604,1751.3838383838383,731778.6930338105,2902877.962539306,296666.6000230521,0.10219740679816301
77,233620.15362769034,989.9161080526353,32495.000002667803,265852.9946493339,321683.82291209855,0.10101533769557071,1594.3939393939395,256604.0540558876,1221460.60184135,6202.230642613335,211038.05431592787,1402298.6343271984,1707466.905323945,0.12359715650001965,12069.818181818182,1410820.782201602,675821.1699880653,2012.1781537914292,62225.900295619555,724193.5963321041,875731.1929621133,0.07105593679396507,1751.3838383838383,731778.6930338105,2904881.9211981567,305758.95461421524,0.10525693054267106
78,232628.61670947983,1014.8827146980793,33497.36594412722,266166.23477743677,322062.84546939767,0.10400878715241349,1594.3939393939395,256604.0540558876,1215185.714824368,6347.800833703005,217312.94133291004,1403207.0913397996,1708573.0607789636,0.1271897271011834,12069.818181818182,1410820.782201602,673781.0850064425,2068.185414916132,64265.98527724229,724623.6516295129,876251.23738193,0.07334196236830054,1751.3838383838383,731778.6930338105,2906887.1436302913,315076.29255427956,0.10838958548655377
79,231740.93373269984,1040.3098808488244,34524.92111710836,266479.7579088752,322442.2104625417,0.10707320566864535,1594.3939393939395,256604.0540558876,1208764.500896678,6494.868622888407,223734.15526059992,1404116.0600331475,1709679.8392667081,0.1308631886052776,12069.818181818182,1410820.782201602,671684.4118688962,2125.3544846555324,66362.6584147886,725053.9543004795,876771.580938251,0.07568979179705229,1751.3838383838383,731778.6930338105,2908893.630667501,324621.7347924969,0.11159628917679133
80,230938.4995125534,1066.1890192658382,35578.13565569653,266793.5642993343,322821.91820091155,0.11020978951483125,1594.3939393939395,256604.0540558876,1202195.5111920391,6643.335352060389,230303.14496523887,1405025.5406954407,1710787.2411380955,0.13461822687666905,12069.818181818182,1410820.782201602,669529.9890209147,2183.6845470922362,68517.08126277021,725484.5044872964,877292.2238031436,0.0781006367134343,1751.3838383838383,731778.6930338105,2910901.3831421505,334398.3618837056,0.11487794255769043
81,230149.81174259714,1092.4659332083334,36657.4312828754,267107.6542047305,323201.9689941675,0.11341957908535179,1594.3939393939395,256604.0540558876,1195477.399042782,6793.095300075267,237021.25711449614,1405935.5336150422,1711895.2667442418,0.13845546612514073,12069.818181818182,1410820.782201602,667316.6566422577,2243.1729439430296,70730.41364142718,725915.302332338,877813.166148774,0.08057570377047593,1751.3838383838383,731778.6930338105,2912910.401887183,344409.10203879874,0.11823539159174512
82,229349.67014819896,1119.113789101066,37763.190952511,267422.02788121125,323582.36315224966,0.11670348959885349,1594.3939393939395,256604.0540558876,1188608.927060608,6944.035591492684,243889.7290966699,1406846.0390804762,1713003.91643646,0.1423754649691815,12069.818181818182,1410820.782201602,665043.2585344306,2303.815064984525,73003.8117492543,726346.3479780605,878334.4081474075,0.08311619250261951,1751.3838383838383,731778.6930338105,2914920.6877361173,354656.7317984352,0.12166942767622282
83,228528.27586419258,1146.1144019840885,38895.7762683136,267736.68558515544,323963.10098537814,0.12006236559042302,1594.3939393939395,256604.0540558876,1181588.9743622916,7096.0361259334195,250909.68179498642,1407757.0573804295,1714113.1905662613,0.14637871243036046,12069.818181818182,1410820.782201602,662708.644137659,2365.6042363783613,75338.42614602591,726777.6415670023,878855.9499714085,0.08572329304759999,1751.3838383838383,731778.6930338105,2916932.241523048,365143.8842093259,0.12518079063045687
84,227504.67166121,1173.2895668402648,40055.48871798004,265869.55212890205,324344.1828040534,0.12349686179566485,1594.3939393939395,256604.0540558876,1174416.5437727387,7248.969533202746,258082.11238453924,1397099.8123145415,1715223.0894853554,0.15046562395680876,12069.818181818182,1410820.782201602,660311.6706370375,2428.5316083762646,77735.39964664751,722435.9459672944,879377.7917932406,0.08839818377506248,1751.3838383838383,731778.6930338105,2918945.0640826495,375873.0007491668,0.12877015240000558
85,226317.7329915397,1200.6342676551944,41242.427387650336,266182.2125549019,324725.60891905625,0.12700700608411442,1594.3939393939395,256604.0540558876,1167090.7691539202,7402.701152318083,265407.88700335776,1398004.3669265436,1716333.6135456485,0.1546365373891798,12069.818181818182,1410820.782201602,657851.2052086175,2492.586041483868,80195.86507506753,722864.9016989531,879899.9337854666,0.09114202876462603,1751.3838383838383,731778.6930338105,2920959.1562501714,386846.1794660756,0.1324380652972552
86,225103.31317623582,1228.2487648030738,42456.847202954195,266495.1554604932,325107.37964144844,0.130593305048254,1594.3939393939395,256604.0540558876,1159610.9226158278,7557.089041013739,272887.7335414502,1398909.4310212978,1717444.7630992476,0.15889170901136024,12069.818181818182,1410820.782201602,655326.1273460784,2557.7539931104425,82720.94293760652,723294.1041716846,880422.3761207486,0.0939559752014543,1751.3838383838383,731778.6930338105,2922974.5188614447,398065.5236820109,0.1361850817081584
87,223861.15189723566,1256.113911044198,43699.00848195438,266808.3811008882,325489.49528257287,0.13425627897458625,1594.3939393939395,256604.0540558876,1151976.4219640743,7711.98400958159,280522.2341932038,1399815.004885765,1718556.5384984552,0.16323130947923478,12069.818181818182,1410820.782201602,652735.331373166,2624.01940246637,85311.73891051908,723723.5535274176,880945.1189718478,0.09684115057029491,1751.3838383838383,731778.6930338105,2924991.152752876,409532.98158567725,0.14001169924915582
88,222591.0086153145,1284.2092308060876,44969.15176387552,267121.8897315294,325871.95615405333,0.13799638451434193,1594.3939393939395,256604.0540558876,1144186.837615562,7867.229696076546,288311.81854171614,1400721.08880707,1719668.9400957746,0.16765542007501688,12069.818181818182,1410820.782201602,650077.7289226515,2691.3635798802807,87969.34136103353,724153.2499081625,881468.162511625,0.09979865989756989,1751.3838383838383,731778.6930338105,2927009.058761453,421250.3116666252,0.14391834914404908
89,221293.19367852862,1312.5135483362396,46267.49764067696,267435.68160809035,326254.7625677955,0.14181401453430922,1594.3939393939395,256604.0540558876,1136241.9000585051,8022.662661916702,296256.75609877286,1401627.6830724967,1720781.9682439058,0.17216402866024283,12069.818181818182,1410820.782201602,647352.2517341981,2759.7650920444676,90694.81854948701,724583.1934560115,881991.5069130403,0.10282958264180773,1751.3838383838383,731778.6930338105,2929028.237724742,433219.0722889368,0.14790539289080387
90,220009.17633311905,1341.0548153238767,47594.24909201268,267749.7569864754,326637.91483598674,0.1457095056338177,1594.3939393939395,256604.0540558876,1128141.5065913494,8178.1125345152,304357.1495659287,1402534.7879694926,1721895.6232957486,0.17675702606374127,12069.818181818182,1410820.782201602,644557.8543606598,2829.199654274788,93489.2159230252,725013.3843131381,882515.1523491532,0.10593496969901052,1751.3838383838383,731778.6930338105,2931048.6904808884,445440.6145809666,0.1519731200739229
91,218861.9948777178,1369.9775669558335,48949.73913759726,268064.11612282036,327021.4132710966,0.1496835899764721,1594.3939393939395,256604.0540558876,1119885.7283271141,8333.402177839547,312612.92783016386,1403442.403785667,1723009.9056044014,0.18143420233008165,12069.818181818182,1410820.782201602,641693.5171244089,2899.6400216928155,96353.55315927624,725443.8226217984,883039.0989931233,0.10911584013566607,1751.3838383838383,731778.6930338105,2933070.417868621,457916.2201270374,0.1561217955550457
92,217752.77702893908,1399.1583276876,50334.28898698444,268378.75927349203,327405.25818587653,0.1537369597112834,1594.3939393939395,256604.0540558876,1111474.8168038956,8488.347904692095,321023.8393533822,1404350.5308087904,1724124.8155231613,0.18619524321153746,12069.818181818182,1410820.782201602,638758.2491165451,2971.055885237468,99288.82116714011,725874.5085243294,883563.3470182089,0.11237317788499653,1751.3838383838383,731778.6930338105,2935093.420727247,470646.94950750674,0.16035160795355247
93,216639.16813755536,1428.527114153991,51748.11806115753,268693.6866950894,327789.4498933612,0.15786999269803406,1594.3939393939395,256604.0540558876,1102909.210416068,8642.759726829667,329589.4457412097,1405259.169326796,1725240.353405524,0.1910397267781381,12069.818181818182,1410820.782201602,635751.0913080848,3043.4137714114913,102295.97897560032,726305.4421631508,884087.8965977689,0.1157079283284676,1751.3838383838383,731778.6930338105,2937117.699896654,483633.5427779676,0.1646626360240806
94,215505.47793361696,1458.0410657639004,53191.39161201792,269008.89864444267,328173.9887068673,0.1620828994449335,1594.3939393939395,256604.0540558876,1094189.540590967,8796.441644649665,338309.115566311,1406168.3196277784,1726356.5196051847,0.1959671201888714,12069.818181818182,1410820.782201602,632671.1197739799,3116.676946456045,105375.9505097053,726736.6236807634,884612.747905261,0.11912099476209527,1751.3838383838383,731778.6930338105,2939143.256217313,496876.4576880342,0.169054862037421
95,214346.03641004924,1487.6673407140092,54664.237483867306,269324.3953786146,328558.8749399954,0.16637577509921356,1594.3939393939395,256604.0540558876,1085316.6375977588,8949.191978470333,347182.01855951914,1407077.981999996,1727473.3144760383,0.20097677668891994,12069.818181818182,1410820.782201602,629517.4489765712,3190.805326948367,108529.62130711395,727168.0532197506,885137.9011142434,0.12261323480837615,1751.3838383838383,731778.6930338105,2941170.090530277,510375.87735050044,0.17352817471990625
96,212982.7468664384,1517.089803562949,56166.67729840665,267489.51889458374,328944.1089066288,0.17074839091995908,1594.3939393939395,256604.0540558876,1076291.5361011394,9100.80373918382,356207.1200561385,1396647.8314038345,1728590.738372178,0.20606793276676955,12069.818181818182,1410820.782201602,626289.2351842445,3265.755395745275,111757.83509944081,722595.6953150037,885663.356398374,0.12618545668854772,1751.3838383838383,731778.6930338105,2943198.2036771807,524131.632453986,0.17808234314601884
97,211451.05457687197,1546.2907146951986,57698.369587973066,267803.06500989164,329329.69092093466,0.175199416203944,1594.3939393939395,256604.0540558876,1067115.4802286811,9251.0650418534,365383.1759285967,1397551.1838563634,1729708.7916478973,0.21123970560414124,12069.818181818182,1410820.782201602,622985.6799294846,3341.4801263045647,115061.39035420067,723024.6507724095,886189.1139314102,0.12983841546388739,1751.3838383838383,731778.6930338105,2945227.596500242,538142.9358707704,0.1827169270416437
98,209890.17924200924,1575.4501627676364,59259.24492283582,268116.8944049855,329715.6212973639,0.17972835102462767,1594.3939393939395,256604.0540558876,1057789.9282269282,9399.759560074455,374708.72793034965,1398455.0451145377,1730827.4746576888,0.21649109077405707,12069.818181818182,1410820.782201602,619606.0335297912,3417.928915537806,118441.03675389418,723453.8529707303,886715.1738872097,0.13357280921975054,1751.3838383838383,731778.6930338105,2947258.2698422624,552409.0096070797,0.18743149022927152
99,208300.17969655307,1604.5332350564693,60849.24446829197,268431.00733580044,330101.9003506516,0.184334729377973,1594.3939393939395,256604.0540558876,1048316.5567538358,9546.667019422102,384182.09940344223,1399359.415464938,1731946.787756245,0.22182096015845507,12069.818181818182,1410820.782201602,616149.59878402,3495.0475234476917,121897.47149966525,723883.3020518948,887241.5364397303,0.13738927506573703,1751.3838383838383,731778.6930338105,2949290.2245466267,566928.8153713995,0.19222550926080847
100,206681.1502447948,1633.5038528023822,62468.27392005026,268745.4040585027,330488.52839581703,0.1890179796051309,1594.3939393939395,256604.0540558876,1038697.2644067907,9691.563734961037,393801.39175048727,1400264.2951943064,1733066.731298458,0.22722806031562395,12069.818181818182,1410820.782201602,612615.734476406,3572.778028597249,125431.33580727929,724312.9981579133,887768.2017630294,0.14128838536701777,1751.3838383838383,731778.6930338105,2951323.4614573047,581701.0014778168,0.19709835572905468
101,205033.89801485444,1662.3262448192193,64116.20363781445,269060.08482949005,330875.5057481643,0.19377742541817078,1594.3939393939395,256604.0540558876,1028934.1750110756,9834.223182856307,403564.4811462025,1401169.6845895462,1734187.3056394204,0.2327110109927845,12069.818181818182,1410820.782201602,609003.8592620919,3651.058787283818,129043.21102159342,724742.9414308779,888295.1700312651,0.14527064355990083,1751.3838383838383,731778.6930338105,2953357.98141885,596723.8958056103,0.20204929424740198
102,203420.80945803414,1691.0973199602142,65792.89932144612,269375.0499053917,331262.8327232822,0.19861237912073795,1594.3939393939395,256604.0540558876,1019029.6400337385,9974.416613967896,413469.01612353965,1402075.583937722,1735308.5111344235,0.2382683041491236,12069.818181818182,1410820.782201602,605313.4552449324,3729.8244125327838,132733.6150387529,725173.1320129619,888822.4414186949,0.14933648032883823,1751.3838383838383,731778.6930338105,2955393.785276401,611995.5304837388,0.20707749117314408
103,201933.36707987636,1720.0092062559534,67498.45053678278,269690.29954306904,331650.50963704486,0.2035228307372494,1594.3939393939395,256604.0540558876,1008986.2405550838,10111.913700431123,423512.4156021941,1402981.9935260608,1736430.3481389598,0.2438983032380761,12069.818181818182,1410820.782201602,601544.071821606,3809.0057609027645,136502.99846207935,725603.5700464214,889350.0160996775,0.1534862494979482,1751.3838383838383,731778.6930338105,2957430.8738756822,627513.8646010562,0.21218209025413529
104,200478.4330633412,1748.8556621536457,69232.89389534677,270005.8339996152,332038.5368056115,0.2085086103601235,1594.3939393939395,256604.0540558876,998806.7884872594,10246.483217246647,433691.86767001846,1403888.913641951,1737552.8170087219,0.2495992429264045,12069.818181818182,1410820.782201602,597695.3294057322,3888.5299363025374,140351.74087795315,726034.2556735934,889877.8942486712,0.15772022407237443,1751.3838383838383,731778.6930338105,2959469.2480630046,643276.5024433184,0.21736211750277445
105,199017.57071973992,1777.5250902596758,70996.10211831112,270321.6535323558,332426.9145454272,0.21356905536783566,1594.3939393939395,256604.0540558876,988494.3271199884,10377.89375464971,444004.32903728954,1404796.344572943,1738675.918099602,0.25536922920206584,12069.818181818182,1410820.782201602,593766.9231737854,3968.320308339068,144280.14710989987,726465.1890368972,890406.0760402349,0.16203859226964695,1751.3838383838383,731778.6930338105,2961508.908685264,659280.5782655005,0.2226164426964977
106,197536.71349790206,1805.9512226635702,72787.86292803417,270637.75839884894,332815.64317322295,0.2187032503461676,1594.3939393939395,256604.0540558876,978052.1309341909,10505.914458785202,454446.525223087,1405704.2866067493,1739799.6517676942,0.26120623990317177,12069.818181818182,1410820.782201602,589758.6267938477,4048.2965466681826,148288.44348983766,726896.3702788339,890934.5616490277,0.1664414535848414,1751.3838383838383,731778.6930338105,2963549.856589945,675522.8316409589,0.2279438053450735
107,196031.12161979298,1834.0858010933312,74607.9071729596,270954.14885688527,333204.7230060157,0.22391011297763816,1594.3939393939395,256604.0540558876,967483.7046809243,10630.31579712079,465014.9514763535,1406612.7400312438,1740924.0183692914,0.2671081256676147,12069.818181818182,1410820.782201602,585670.2960793714,4128.3746730636185,152376.77420431393,727327.7995419865,891463.3512498096,0.1709288149542945,1751.3838383838383,731778.6930338105,2965592.092625117,691999.632853627,0.23334282370610004
108,194302.18773181483,1861.3274853830658,76455.75516788305,269196.70427034236,333594.15436110896,0.22918793440583266,1594.3939393939395,256604.0540558876,956792.7816383163,10750.870345745967,475705.8745189616,1396083.2092316733,1742049.0182608883,0.2730726113515826,12069.818181818182,1410820.782201602,581501.8726307905,4208.467130432315,156545.1976528948,722512.0761039876,891992.4450174408,0.17550058694704967,1751.3838383838383,731778.6930338105,2967635.6176394382,708706.8273397394,0.23881194278948228
109,192427.59359461514,1887.7787905377172,78330.34930508274,269511.24320964306,333983.9375560929,0.234533282882585,1594.3939393939395,256604.0540558876,945983.3211215999,10867.353593445008,486515.335035678,1396985.2952614494,1743174.6517991808,0.2790972978717488,12069.818181818182,1410820.782201602,577253.3873560785,4288.482871365086,160793.68292760674,722940.8875017461,892521.843126882,0.1801565801059595,1751.3838383838383,731778.6930338105,2969680.4324821555,725639.3672683674,0.24434931089937326
110,190526.80141795185,1913.7162882479222,80231.14148174603,269826.06632571743,334374.0729088448,0.2399442659647185,1594.3939393939395,256604.0540558876,935059.5051991375,10979.544758762106,497439.15095814044,1397887.8893835684,1744300.9193410638,0.28517966449622445,12069.818181818182,1410820.782201602,572924.9638977915,4368.327465957263,165122.10638589383,723369.9455575544,893051.5457531947,0.1848965014070165,1751.3838383838383,731778.6930338105,2971726.5380031033,742792.3988257803,0.24995314653848025
111,188600.3468576944,1939.096265225874,82157.5960420035,270141.1738753107,334764.56073752866,0.24541903677318747,1594.3939393939395,256604.0540558876,924025.7344334204,11087.227617182438,508472.9217238575,1398790.9918842101,1745427.8212436356,0.291317071685935,12069.818181818182,1410820.782201602,568516.8219978691,4447.903228605334,169530.24828581623,723799.250413294,893581.5530715414,0.18971995080145013,1751.3838383838383,731778.6930338105,2973773.9350527055,760160.7660516773,0.25562157132774943
112,186648.80930753733,1963.8749863804376,84109.13359216055,270456.56611540046,335155.4013605964,0.2509556261086983,1594.3939393939395,256604.0540558876,912886.6230805526,11190.191329117288,519612.0330767254,1399694.6030497137,1746555.3578641939,0.29750676423571376,12069.818181818182,1410820.782201602,564029.2806176642,4527.109367270053,174017.7896660211,724228.802210927,894111.8652571846,0.19462641804442019,1751.3838383838383,731778.6930338105,2975822.6244819746,777738.9563349071,0.2613525920316888
113,184677.58402124772,1988.0257523344007,86085.13364748155,270772.2433031963,335546.59509678744,0.2565519510715063,1594.3939393939395,256604.0540558876,901646.9931212275,11288.231269999003,530851.6630360504,1400598.723166581,1747683.5295602386,0.30374587507248874,12069.818181818182,1410820.782201602,559462.7610152425,4605.842151498166,178584.30926844274,724658.6010924977,894642.4824854879,0.19961527958330502,1751.3838383838383,731778.6930338105,2977872.607142514,795521.1059519746,0.26714410282155593
114,182798.96600498416,2011.9224097569559,88085.10630307865,271088.20569614,335938.1422651292,0.26220632676345546,1594.3939393939395,256604.0540558876,890311.8677465541,11381.149851133614,542186.7884107238,1401503.352521474,1748812.3366894703,0.3100314293511287,12069.818181818182,1410820.782201602,554817.7895643775,4683.995103027634,183229.28071930772,725088.6472001325,895173.4049319166,0.20468579574618107,1751.3838383838383,731778.6930338105,2979923.883886516,813501.1754331102,0.27299394452052744
115,181020.61792999136,2035.6131352259335,90108.9068612825,271404.4535519063,336330.04318493727,0.26791810213556944,1594.3939393939395,256604.0540558876,878886.4638796443,11468.75733017716,553612.1922776336,1402408.4914012172,1749941.779609792,0.31636034908605926,12069.818181818182,1410820.782201602,550095.0004004992,4761.459207147856,187952.06988318605,725518.9406760387,895704.6327720358,0.20983710813408443,1751.3838383838383,731778.6930338105,2981976.455566765,831673.1690221021,0.27889997839169106
116,179263.56265005664,2058.8027749276944,92156.16350016872,271720.9871284024,336722.29817581596,0.2736859542698012,1594.3939393939395,256604.0540558876,867376.1839218594,11550.872604081125,565122.4722354185,1403314.140092796,1751071.8586793067,0.3227294582083257,12069.818181818182,1410820.782201602,545295.1378497928,4838.123145222788,192751.93243389254,725949.4816625062,896236.1661815121,0.2150682372651039,1751.3838383838383,731778.6930338105,2984030.323036635,850030.5681694797,0.28485989623070057
117,177500.49415090043,2081.3600325775733,94226.3005985907,272037.8066837688,337114.90755765804,0.2795079614878046,1594.3939393939395,256604.0540558876,855786.6067511966,11627.323979114273,576712.0494060813,1404220.2988833576,1752202.574256321,0.32913548803045933,12069.818181818182,1410820.782201602,540419.0586018608,4913.873548487336,197628.0116818245,726380.2703019062,896768.0053361129,0.22037808051342395,1751.3838383838383,731778.6930338105,2986085.4871500917,868566.3616864965,0.29087123105623236
118,175721.3418977942,2103.2102983711034,96318.64717061855,272354.91247637896,337507.87165064545,0.2853819281297179,1594.3939393939395,256604.0540558876,844123.4779077765,11697.949913195269,588375.1782495014,1405126.9680602106,1753333.9266993415,0.3355750831543653,12069.818181818182,1410820.782201602,535467.7336275468,4988.595272384498,202579.3366561385,726811.306736692,897300.1504117073,0.22576541034032951,1751.3838383838383,731778.6930338105,2988141.948761694,887273.1620762584,0.296931396597123
119,173923.3974750932,2124.3054236936587,98432.46936490323,272672.30476483994,337901.1907752494,0.2913054823484606,1594.3939393939395,256604.0540558876,832392.6990940496,11762.599724478123,600105.9570632282,1406034.1479108261,1754465.9163670782,0.34204480774744844,12069.818181818182,1410820.782201602,530442.249812427,5062.1716910665045,207604.8204712584,727242.5911093989,897832.601584265,0.2312288728488257,1751.3838383838383,731778.6930338105,2990199.7087265924,906143.2468993899,0.3030377015471252
120,177025.14694024427,2167.4196699644895,100573.15536602946,285509.7723377102,338294.86525223067,0.2972943597327222,1594.3939393939395,256604.0540558876,851351.4604938072,12009.944296276675,611949.3713023966,1510994.3518660762,1755598.5436184423,0.3485702204110488,12069.818181818182,1410820.782201602,538839.5088681842,5173.612468095956,212713.79851872372,772473.1465599466,898365.3590298569,0.23677871856995128,1751.3838383838383,731778.6930338105,2992258.76790053,925236.3251871498,0.30920999718093467
121,179957.77328173397,2210.4230504013462,102763.83352896445,285842.32086295495,338688.89540263976,0.3034166012641095,1594.3939393939395,256604.0540558876,869710.289398308,12257.093334299094,624097.2601812243,1511969.7213853116,1756731.8088125475,0.35526040858967495,12069.818181818182,1410820.782201602,546999.0441951591,5286.3363808497725,217946.67683237788,772931.5096746787,898898.4229246553,0.24245973880259655,1751.3838383838383,731778.6930338105,2994319.127139842,944807.7705425667,0.3155334252715548
122,179827.1159997453,2239.633714657654,104989.55130057783,286175.16983610974,339083.28154781717,0.30962762546513906,1594.3939393939395,256604.0540558876,869219.5074802729,12392.267330429604,636427.4713596045,1512945.6402731973,1757865.7123087095,0.3620455572364208,12069.818181818182,1410820.782201602,546883.1889625335,5376.253220384462,223279.1116584616,773390.1364460037,899431.7934449341,0.24824462875975867,1751.3838383838383,731778.6930338105,2996380.7873014607,964696.134318644,0.321953784514634
123,178556.72582699798,2263.1714438813246,107241.2601994355,286508.3195286205,339478.02400939376,0.3159004489682902,1594.3939393939395,256604.0540558876,861752.8499991215,12482.391340161259,648867.1913050894,1513922.1088391608,1759000.2544664466,0.3688840804073157,12069.818181818182,1410820.782201602,543675.4465773919,5456.792677549187,228696.14078384565,773849.0270255802,899965.4707670682,0.2541165724824097,1751.3838383838383,731778.6930338105,2998443.749242909,984804.5922883706,0.3284385750231361
124,176854.63125303836,2283.988882259206,109515.00559302368,286841.77021217864,339873.1231092912,0.32222320079663236,1594.3939393939395,256604.0540558876,851681.1699419296,12551.663887267037,661385.4516244185,1514899.1273928043,1760135.4356454802,0.37575827304554776,12069.818181818182,1410820.782201602,539283.1280166156,5532.828574832914,234191.22614918425,774308.1815651541,900499.4550675341,0.2600681486604795,1751.3838383838383,731778.6930338105,3000508.0138223055,1005091.6833666265,0.33497383734238195
125,174982.11387362852,2303.1794858532007,111808.70299281554,287175.52215872065,340268.5791697218,0.3285895608276153,1594.3939393939395,256604.0540558876,840617.7668070614,12609.100867441959,673966.633110252,1515876.6962439024,1761271.2562057327,0.3826591904770894,12069.818181818182,1410820.782201602,534409.4488549036,5606.135639409589,239760.9006193303,774767.6002165593,901033.7465229103,0.2660953616272062,1751.3838383838383,731778.6930338105,3002573.5818983647,1025536.2367223979,0.3415524078760484
126,173035.9069111504,2321.1404931577754,114120.95767119131,287509.5756404289,340664.39251318894,0.33499526272553737,1594.3939393939395,256604.0540558876,829160.1843872159,12658.066767930997,686600.8536596865,1516854.8157024065,1762407.7165073305,0.38958116628107187,12069.818181818182,1410820.782201602,529314.1610447711,5677.320282157909,245402.7950041746,775227.2831317157,901568.3453098759,0.27219544284224817,1751.3838383838383,731778.6930338105,3004640.4543303954,1046124.6063350524,0.34816964699631203
127,171052.20919720703,2338.005700337176,116450.61961846304,287843.93092973164,341060.5634624875,0.34143677719945825,1594.3939393939395,256604.0540558876,817532.212827713,12699.795073055455,699280.3614386203,1517833.486078441,1763544.8169106026,0.3965197565342441,12069.818181818182,1410820.782201602,524093.9050499759,5746.543210575963,251114.8888301744,775687.2304626317,902103.2516052122,0.2783660167318296,1751.3838383838383,731778.6930338105,3006708.6319783023,1066845.8698872577,0.35482183359593206
128,169044.9249730212,2353.8092247536147,118796.61535007884,288178.58829930326,341457.0923407039,0.3479108151941512,1594.3939393939395,256604.0540558876,805819.919881367,12734.714653517845,711998.175648239,1518812.7076823062,1764682.5577760814,0.4034709656480798,12069.818181818182,1410820.782201602,518785.27682231937,5813.794420193959,256895.22448808962,776147.4423614029,902638.4655858024,0.2846047828477678,1751.3838383838383,731778.6930338105,3008778.115702588,1087690.0154864073,0.3615055592866202
129,167019.8782962529,2368.5488457681063,121157.8839511196,288513.54802206444,341853.97947121644,0.35441413944786593,1594.3939393939395,256604.0540558876,794059.3898975564,12762.960845038118,724747.5704094244,1519792.4808244756,1765820.9394645006,0.4104309526588862,12069.818181818182,1410820.782201602,513403.13988917076,5879.000304020361,262741.79682356963,776607.918980212,903173.9874286309,0.2909093934066957,1751.3838383838383,731778.6930338105,3010848.906364348,1108647.2511841136,0.36821749800883374
130,164980.01933362495,2382.210247622617,123533.35385416028,288848.8103711824,342251.2251776957,0.36094349637469425,1594.3939393939395,256604.0540558876,782268.8600377385,12784.570148670096,737521.8868074942,1520772.8058155996,1766959.9623367994,0.41739592437178014,12069.818181818182,1410820.782201602,507954.65934188856,5942.065038513805,268652.5117759608,777068.6604713297,903709.8173107844,0.29727740766986893,1751.3838383838383,731778.6930338105,3012921.0048252796,1129707.7524376153,0.3749543219448355
131,162926.85786156452,2394.7733502126543,125921.9383612031,289184.3756200714,342648.8297841046,0.36749560312388546,1594.3939393939395,256604.0540558876,770457.566947768,12799.530915363988,750314.4946636864,1521753.6829665012,1768099.6267541184,0.4243621135993991,12069.818181818182,1410820.782201602,502443.16862215963,6002.881420346565,274625.17749438895,777529.666987114,904245.9554094509,0.3037062824019336,1751.3838383838383,731778.6930338105,3014994.4119476737,1150861.6105192783,0.381712684427772
132,160699.8705400096,2405.1265714874094,128322.26756863233,287888.030090312,343046.79361469886,0.3740663663300714,1594.3939393939395,256604.0540558876,758161.2269517077,12803.79062633668,763117.7675890002,1515197.332644162,1769239.9330778036,0.43132519977743544,12069.818181818182,1410820.782201602,496649.3378197089,6060.337278255674,280657.25077750353,774118.3949389361,904782.4019019213,0.3101930919385044,1751.3838383838383,731778.6930338105,3017069.1285944236,1172097.285935136,0.38848870741028946
133,158290.67228937708,2413.051135699383,130731.46581926486,288222.30674046045,343445.116994027,0.3806473271871805,1594.3939393939395,256604.0540558876,745360.3974414346,12796.672235753704,775918.5970992733,1516174.4540793907,1770380.8816694014,0.43827777690844233,12069.818181818182,1410820.782201602,490561.88591786305,6114.1160021416235,286744.7026793494,774577.6346052767,905319.156965587,0.3167332762961174,1751.3838383838383,731778.6930338105,3019145.1556290155,1193394.7655978876,0.39527571682761736
134,155874.20863484655,2419.6547154149753,133147.92947379538,288556.88539982965,343843.80024693086,0.38723376538467585,1594.3939393939395,256604.0540558876,732570.2713241888,12782.387954215075,788708.7232165191,1517152.1258700227,1771522.4728906658,0.445215195000914,12069.818181818182,1410820.782201602,484422.0246714219,6165.1383243413975,292884.56392579054,775037.1384324143,905856.2207779429,0.3233234559831839,1751.3838383838383,731778.6930338105,3021222.4939155392,1214741.216616105,0.40206943350331886
135,153451.80811304422,2424.9226439273602,135570.3299955977,288891.76634127594,344242.84369854565,0.39382178156277664,1594.3939393939395,256604.0540558876,719797.9997029685,12760.969773718569,801480.9948377394,1518130.34832604,1772664.7071035514,0.45213344160685676,12069.818181818182,1410820.782201602,478232.56276392355,6213.300340419853,299074.0258332889,775496.9065722977,906393.5935165852,0.32996043658357616,1751.3838383838383,731778.6930338105,3023301.144318682,1236125.350666626,0.4088661008809937
136,151076.31787609454,2429.2439214471683,137997.41587341565,289226.9498379025,344642.24767430057,0.40040771787162965,1594.3939393939395,256604.0540558876,707050.6939407281,12732.465563681242,814228.3005999798,1519109.1217576002,1773807.584670218,0.4590285370503471,12069.818181818182,1410820.782201602,471996.41057928716,6258.502742302376,305310.1780179253,775956.9391769632,906931.2753592124,0.336640919012303,1751.3838383838383,731778.6930338105,3025381.107703731,1257535.8944913207,0.41566197768908275
137,148865.2134281539,2433.5918963547374,140428.86384037015,289562.43616305914,345042.0124999185,0.4069906236139963,1594.3939393939395,256604.0540558876,694335.4095817326,12696.938843659465,826943.5849589753,1520088.4464750364,1774951.1059530298,0.4658965433951838,12069.818181818182,1410820.782201602,465716.5753073822,6300.651239793412,311590.01328983024,776417.2363985343,907469.2664836253,0.34336150523005365,1751.3838383838383,731778.6930338105,3027462.384936574,1278962.4620891756,0.4224536259980552
138,146722.86620905958,2437.2989443526285,142864.38119151865,289898.2255903426,345442.138501417,0.4135696409572008,1594.3939393939395,256604.0540558876,681659.2213986209,12654.469413228755,839619.8630205188,1521068.3227888546,1776095.2713145532,0.4727335726754598,12069.818181818182,1410820.782201602,459396.15575494437,6339.656966496005,317910.4328422681,776877.7983892222,908007.5670677269,0.3501187042624675,1751.3838383838383,731778.6930338105,3029544.9768836973,1300394.6770543056,0.4292376204930748
139,144604.33716571893,2440.028057344572,145303.13308943764,290234.3183935968,345842.62600510777,0.42014234846600906,1594.3939393939395,256604.0540558876,669264.8102046004,12607.661355031232,852250.935941164,1522048.7510097378,1777240.0811175616,0.4795361892835845,12069.818181818182,1410820.782201602,453040.47795809514,6375.449668392892,324268.2537328155,777338.6253013258,908546.1772895224,0.3569089407213282,1751.3838383838383,731778.6930338105,3031628.884412192,1321822.3227634171,0.43601059798574515
140,142493.75208201422,2441.651062488116,147744.0674009709,290570.7148469132,346243.4753375977,0.42670570833693267,1594.3939393939395,256604.0540558876,657379.0551974034,12559.274374483884,864834.6748673983,1523029.7314485426,1778385.5357250301,0.4863032551121227,12069.818181818182,1410820.782201602,446835.57783474366,6409.0915509735005,330660.6549530826,777799.7172872314,909085.0973271198,0.3637290457464178,1751.3838383838383,731778.6930338105,3033714.1083897473,1343239.3972214519,0.4427705938099831
141,140386.04814257106,2442.121870859876,150186.05075152568,290907.4152246306,346644.6868257884,0.43325646247970323,1594.3939393939395,256604.0540558876,645722.5482823725,12506.655263374983,877368.0510432216,1524011.264416301,1779531.6355001398,0.4930331293585776,12069.818181818182,1410820.782201602,440772.07707262714,6440.574779550059,337085.7054050955,778261.0744994126,909624.327358729,0.370576836246112,1751.3838383838383,731778.6930338105,3035800.6496846573,1364639.8071998428,0.4495156186693597
142,138280.09630767026,2441.4267907040175,152627.92239531176,291244.41980133596,347046.26079687703,0.4397912890484749,1594.3939393939395,256604.0540558876,634187.5121344238,12448.785693815074,889846.2294481455,1524993.35022422,1780678.3808062759,0.49972316115009535,12069.818181818182,1410820.782201602,434741.5770485984,6469.22334313027,343540.85664744565,778722.6970904316,910163.8675626629,0.37744945596161406,1751.3838383838383,731778.6930338105,3037888.5091658155,1386015.0084909028,0.45624288195865803
143,136176.22599024826,2439.566079107609,155068.51570278383,291581.72885186423,347448.1975783564,0.44630686468826136,1594.3939393939395,256604.0540558876,622738.2037557137,12385.370621937438,902263.7701406956,1525975.9891836825,1781825.772007028,0.5063703670221338,12069.818181818182,1410820.782201602,428707.69881162856,6494.75739373838,350023.1118741438,779184.5852129378,910703.7181173369,0.3843435630171065,1751.3838383838383,731778.6930338105,3039977.6877027215,1407355.3977176233,0.46294925236150225
144,133912.2419276762,2434.9299674999493,157506.28000307028,290349.99336951895,347850.4974980152,0.4527987774517097,1594.3939393939395,256604.0540558876,610891.3752904452,12310.63264622055,914613.7265144446,1519779.015136954,1782973.809466192,0.5129709262461194,12069.818181818182,1410820.782201602,422436.76526471146,6515.450834983003,356528.903840856,775958.9531202283,911243.8792012685,0.3912551974048526,1751.3838383838383,731778.6930338105,3042068.186165476,1428648.9103583707,0.4696307981706292
145,131481.02297230117,2427.2865925249516,159937.4989584453,290686.0955521341,348253.160883938,0.4592564172353557,1594.3939393939395,256604.0540558876,598623.6219930054,12223.880079001288,926881.4798118843,1520758.1354991987,1784122.4935477655,0.5195167277829454,12069.818181818182,1410820.782201602,415913.27008761157,6530.938660444008,363052.3990179559,776419.1854853899,911784.3509930786,0.3981779229074659,1751.3838383838383,731778.6930338105,3044160.005424782,1449871.3777882855,0.4762796223603793
146,129058.10849877945,2418.324050915752,162360.41343196703,291022.50139328535,348656.18806450616,0.4656748366729924,1594.3939393939395,256604.0540558876,586445.5721360734,12131.256866999549,939059.5296688164,1521737.8073427249,1785271.8246159547,0.5260036688647263,12069.818181818182,1410820.782201602,409376.0950651951,6542.805409732725,369589.57404037233,776879.6825823622,912325.1336714904,0.40510730264880984,1751.3838383838383,731778.6930338105,3046253.146351951,1471009.517141156,0.48289142315791034
147,126644.50979080368,2408.0588514660412,164773.7135352847,291359.2111673193,349059.5793683975,0.47205039848335617,1594.3939393939395,256604.0540558876,574363.0013282406,12032.954745021789,951142.1004766491,1522718.0309781495,1786421.8030351687,0.5324286228821427,12069.818181818182,1410820.782201602,402828.87521499104,6551.024577979296,376136.7938905764,777340.4445634222,912866.2274153299,0.41203933565990514,1751.3838383838383,731778.6930338105,3048347.609818896,1492052.60790251,0.4894627512612165
148,124329.14904906815,2397.4904569511627,167176.3770111582,291696.22514883056,349463.3351245868,0.47838030548056876,1594.3939393939395,256604.0540558876,562381.4886992286,11929.174744812568,963123.6131056611,1523698.8067162645,1787572.4291700225,0.538788581312391,12069.818181818182,1410820.782201602,396275.2679938285,6555.577765024884,382690.40111173893,777801.4715809352,913407.6324035265,0.4189700058721137,1751.3838383838383,731778.6930338105,3050443.396698136,1512990.3912285583,0.4959903182816803
149,122181.22702253009,2387.511464437087,169568.88505685024,292033.5436126616,349867.4556623461,0.48466607085770114,1594.3939393939395,256604.0540558876,550506.4080527674,11820.126353433498,974998.6937521223,1524680.1348680374,1788723.7033853368,0.5450806582966619,12069.818181818182,1410820.782201602,389718.94517222804,6556.454762779124,389246.72393333947,778262.7637873532,913949.3488151116,0.42589529106616014,1751.3838383838383,731778.6930338105,3052540.507862794,1533814.3027423122,0.5024714000654481
150,120102.2578401813,2377.1266505161134,171951.2581561865,292371.1668339035,350271.941311245,0.49090788577722205,1594.3939393939395,256604.0540558876,538758.0392146106,11706.240058607102,986762.1857624854,1525662.0157446105,1789875.6260461374,0.5513020968625949,12069.818181818182,1410820.782201602,383163.5746711516,6553.653516801503,395802.08451714483,778724.3213352168,914491.3768292206,0.4328111719210449,1751.3838383838383,731778.6930338105,3054638.9441866027,1554515.5284358168,0.5089031983286513
151,118055.73859749158,2365.9648012247744,174322.87570709476,292709.0950878956,350676.7924011508,0.497104112631671,1594.3939393939395,256604.0540558876,527556.9109365267,11593.766979908802,998411.9327693821,1526644.4496573014,1791028.1975176558,0.5574518224521364,12069.818181818182,1410820.782201602,376657.9295678506,6547.589397874042,402352.87528002384,779186.1443771538,915033.7166250912,0.4397137154289981,1751.3838383838383,731778.6930338105,3056738.7065438977,1575087.6837565007,0.515283717376476
152,116029.04277826454,2353.9048377633253,176682.8873861203,293047.328650226,351082.0092622286,0.5032524673007471,1594.3939393939395,256604.0540558876,516807.5730274929,11481.90046815674,1009949.8774862163,1527627.4369176026,1792181.4181653287,0.5635310506232737,12069.818181818182,1410820.782201602,370394.7015526722,6540.093693712345,408896.8717266804,779648.2330658797,915576.3683820642,0.44660050854004824,1751.3838383838383,731778.6930338105,3058839.7958096215,1595529.6365990168,0.5216126842552432
153,114018.09098637976,2340.918753905529,179030.37635231522,293385.8677967321,351487.5922249423,0.5093504872221514,1594.3939393939395,256604.0540558876,506294.14773185534,11367.877066690098,1021374.9989925907,1528610.9778371823,1793335.2883547992,0.5695393413741372,12069.818181818182,1410820.782201602,364254.80658421677,6530.22291262726,415432.2621089431,780110.5875541985,916119.3322795841,0.4534695944852741,1751.3838383838383,731778.6930338105,3060942.212859326,1615837.637453849,0.5278889717896511
154,112021.96424062412,2327.0149945218814,181364.41888061285,293724.7128035003,351893.54162005393,0.5153957019092877,1594.3939393939395,256604.0540558876,495941.87134466105,11250.822520460591,1032684.6157324059,1529595.072727885,1794489.808451916,0.5754753305750396,12069.818181818182,1410820.782201602,358168.62369844,6517.385064613038,421956.32537739177,780573.2079950015,916662.6084971986,0.46031802919196013,1751.3838383838383,731778.6930338105,3063045.9585691686,1636005.3599904105,0.5341106147668228
155,110040.89498208575,2312.216670740723,183684.10802566525,294063.86394686624,352299.8577786244,0.5213857001926107,1594.3939393939395,256604.0540558876,485725.55262726755,11130.544296094382,1043875.5637176473,1530579.7219017302,1795644.978822735,0.5813373890879229,12069.818181818182,1410820.782201602,352112.75423506246,6501.38095698056,428465.97334266384,781036.094541268,917206.1972145577,0.4671424753167415,1751.3838383838383,731778.6930338105,3065151.033815917,1656025.6450859765,0.5402753818053561
156,107890.56185660184,2294.0514121064975,185987.8853606691,292895.1886187413,352706.54103201395,0.5273162352375756,1594.3939393939395,256604.0540558876,475102.3751963407,10998.524212162802,1054942.3161349283,1524719.1029513685,1796800.7998335164,0.5871225771007418,12069.818181818182,1410820.782201602,345828.9816525632,6479.514534981822,434957.29550418403,777985.1532306415,917750.0986114158,0.4739387074567334,1751.3838383838383,731778.6930338105,3067257.439476946,1675887.4969997813,0.5463797969581475
157,105607.02869969282,2272.850550969632,188271.41851757813,293233.2123630941,353113.59171188204,0.5331752244507073,1594.3939393939395,256604.0540558876,464174.80553153163,10856.057519181108,1065869.8857997374,1525700.4554623624,1797957.2718507287,0.5928227007878688,12069.818181818182,1410820.782201602,339362.91362876206,6452.045954113339,441423.3635279852,778446.4886335491,918294.3128676304,0.4806992239225761,1751.3838383838383,731778.6930338105,3069365.176430241,1695564.6678453009,0.5524154248134432
158,103345.1823672792,2250.6849138905914,190533.26484999174,293571.541502058,353521.01015018777,0.5389588154012309,1594.3939393939395,256604.0540558876,453391.33410645614,10710.368979234712,1076653.357224813,1526682.3607118763,1799114.3952410452,0.5984351857073341,12069.818181818182,1410820.782201602,332926.03045766434,6421.155581648533,447860.2466990829,778908.0894027494,918838.8401631623,0.4874198032590289,1751.3838383838383,731778.6930338105,3071474.2455543955,1715046.8687738876,0.5583790491670962
159,101110.92019061306,2227.6697432492647,192772.48452151558,293910.1763115482,353928.7966791901,0.544664594489748,1594.3939393939395,256604.0540558876,442755.0591479846,10561.705729715783,1087289.6321832843,1527664.8190112356,1800272.170371346,0.6039584736562399,12069.818181818182,1410820.782201602,326521.7207741184,6386.910584756896,454264.55638262886,779369.9556908846,919383.680678076,0.494096823697799,1751.3838383838383,731778.6930338105,3073584.647728612,1734326.6730874288,0.5642683940294604
160,99036.15264182365,2205.8010421790063,194989.05385550225,294249.1170677292,354336.9516314484,0.5502927452463764,1594.3939393939395,256604.0540558876,432268.83204828604,10410.314238552004,1097775.859282983,1528647.830671941,1801430.5976087186,0.6093911476468806,12069.818181818182,1410820.782201602,320153.3029095938,6349.384855279525,460632.97424715344,779832.0876506846,919928.8345925392,0.5007267485546096,1751.3838383838383,731778.6930338105,3075696.383832706,1753397.8873856387,0.5700815908235661
161,97107.133404069,2185.0406422196197,197184.44158373552,294588.3640470148,354745.47533982224,0.5558476578026714,1594.3939393939395,256604.0540558876,421935.25837551284,10256.439563023572,1108109.4329557563,1529631.396005669,1802589.6773204568,0.6147319308978608,12069.818181818182,1410820.782201602,313824.017947727,6308.65867405735,466962.25920902024,780294.4854349676,920474.3020868239,0.5073061335339419,1751.3838383838383,731778.6930338105,3077809.454747103,1772256.133748512,0.5758173661514515
162,95244.91758060401,2164.317798763611,199359.14002232606,294927.9175260687,355154.3681374721,0.5613309532635643,1594.3939393939395,256604.0540558876,411895.1027568917,10102.813318489227,1118288.5363962678,1530615.5153242706,1803749.4098740614,0.6199799873943395,12069.818181818182,1410820.782201602,307539.49807650235,6264.84907985686,473249.2557705494,780757.1491966391,921020.083341305,0.5138316355205645,1751.3838383838383,731778.6930338105,3079923.8613528386,1790896.9321891433,0.5814744171638393
163,93420.85759015652,2143.2531618946114,201512.9606493619,295267.7777818046,355563.6303578594,0.5667423308917952,1594.3939393939395,256604.0540558876,402501.36180523975,9956.236510006653,1128317.6716376168,1531600.188939773,1804909.795637239,0.6251379843829007,12069.818181818182,1410820.782201602,301448.89390968904,6219.914335667977,479491.5906105285,781220.0790886928,921566.1785364618,0.5203007681683898,1751.3838383838383,731778.6930338105,3082039.60453156,1809322.2228975073,0.5870535278772014
164,91624.5620666023,2121.7244489340046,203645.48965249982,295607.9450913862,355973.2623347468,0.5720808588736016,1594.3939393939395,256604.0540558876,393473.66607213364,9812.16087003714,1138201.7856177995,1532585.4171643807,1806070.8349779062,0.6302088287870078,12069.818181818182,1410820.782201602,295598.8203066249,6174.677014006376,485688.9841443023,781683.2752642109,922112.5878528772,0.5267133217161913,1751.3838383838383,731778.6930338105,3084156.68516553,1827536.2594146016,0.5925562304291669
165,89852.63172959491,2099.710680691675,205756.24730466152,295948.4197322278,356383.26440219855,0.5773454251556943,1594.3939393939395,256604.0540558876,384671.2440932149,9668.31213720327,1147942.0459824165,1533571.2003104708,1807232.5282641833,0.6351933290427191,12069.818181818182,1410820.782201602,289867.90974906547,6127.768638298855,491840.37342466554,782146.7378763629,922659.3114712379,0.5330682379830919,1751.3838383838383,731778.6930338105,3086275.1041376195,1845538.6667117435,0.5979825532200675
166,88104.10993106477,2077.227216798255,207844.75422070082,296289.2019819942,356793.6368945807,0.5825349241923595,1594.3939393939395,256604.0540558876,376043.522192849,9523.969014530567,1157538.2356778062,1534557.5386905994,1808394.875864401,0.6400915259862758,12069.818181818182,1410820.782201602,284212.3341184952,6078.7242410252375,497943.80347712286,782610.4670784065,923206.3495723344,0.5393634951793714,1751.3838383838383,731778.6930338105,3088394.862331316,1863326.79337563,0.6033317876876252
167,86378.90819399832,2054.3027926791897,209910.554589793,296630.29211860104,357204.3801465613,0.5876483219597322,1594.3939393939395,256604.0540558876,367571.84058330656,9378.96733265717,1166989.75779356,1535544.4326174962,1809557.8781470947,0.6449032506152854,12069.818181818182,1410820.782201602,278616.94365133834,6027.4246763884685,503997.06587278063,783074.4630236882,923753.7023370618,0.5455968020454881,1751.3838383838383,731778.6930338105,3090515.9606307177,1880897.3782561338,0.6086030301141939
168,84488.56169479468,2027.7240097438912,211952.33096719036,295522.61052187247,357615.49449311104,0.5926821802495287,1594.3939393939395,256604.0540558876,358705.5238612957,9222.613514669314,1176293.0086562976,1530002.3731206513,1810721.53548101,0.6496266740119268,12069.818181818182,1410820.782201602,272821.94981085754,5970.227389716195,509996.90111738676,780185.6356392911,924301.3699464183,0.5517647357235349,1751.3838383838383,731778.6930338105,3092638.3999205395,1898242.2407408748,0.6137937887564376
169,82475.61943129399,1998.0814008374223,213965.27323069106,295862.6499013303,358026.98026950285,0.5976233217665045,1594.3939393939395,256604.0540558876,349565.6643864019,9057.000916696888,1185432.8681311912,1530986.1805376967,1811885.8482350984,0.6542536160795585,12069.818181818182,1410820.782201602,266882.76421446115,5907.752673723728,515936.08671378315,780648.1776135619,924849.3525815073,0.5578595965642021,1751.3838383838383,731778.6930338105,3094762.181086109,1915334.2280756654,0.6188954485037288
170,80492.54927407474,1967.9876326597775,215948.3433879103,296202.996496467,358438.837811313,0.6024691540306478,1594.3939393939395,256604.0540558876,340591.69662035303,8890.864324729466,1194406.83589724,1531970.5420759672,1813050.81677852,0.6587828784741379,12069.818181818182,1410820.782201602,261007.20668722453,5842.991361395876,521811.6442410198,781110.985648161,925397.6504235353,0.5638782895139159,1751.3838383838383,731778.6930338105,3096887.305013368,1932166.8235261703,0.6239060815672238
171,78555.0852198151,1937.767734726673,217901.1463953007,296543.65058484284,358851.0674544205,0.6072188887190015,1594.3939393939395,256604.0540558876,331784.04298241966,8724.405771306067,1203214.4895351734,1532955.4580475674,1814216.4414806427,0.6632144114806885,12069.818181818182,1410820.782201602,255197.50314193155,5776.06515930463,527621.3477863127,781574.0598961303,925946.2636538137,0.5698185396896596,1751.3838383838383,731778.6930338105,3099013.772588877,1948736.9837167868,0.6288248864698773
172,76811.74480763443,1910.2238084031724,219824.92320645598,296884.61244426906,359263.66953500814,0.6118762954544595,1594.3939393939395,256604.0540558876,323142.92724802584,8557.820470672854,1211855.6052695673,1533940.9287647768,1815382.7227110418,0.6675482751426741,12069.818181818182,1410820.782201602,249455.7568388487,5707.097592581728,533363.0940893955,782037.4005105994,926495.1924537583,0.5756782101338489,1751.3838383838383,731778.6930338105,3101141.584699808,1965043.622565419,0.6336516953177538
173,75196.83440993987,1884.3127274220556,221722.11860699882,297225.8823528079,359676.6443895623,0.6164484741101336,1594.3939393939395,256604.0540558876,314669.3690489763,8391.317523919497,1220330.1460722482,1534926.9545400513,1816549.6608395018,0.6717846323608262,12069.818181818182,1410820.782201602,243783.9467887587,5636.213561422066,539034.9041394856,782501.0076447852,927044.4370048885,0.5814553031362866,1751.3838383838383,731778.6930338105,3103270.7422339525,1981087.1688187327,0.638386829050116
174,73644.91790390939,1858.9097402935467,223593.70972209016,297567.46058877284,360089.9923548735,0.6209384166992777,1594.3939393939395,256604.0540558876,306680.23548523703,8231.903455655021,1228640.6603623382,1535913.5356860226,1817717.2562360151,0.6759250681849772,12069.818181818182,1410820.782201602,238203.92478464177,5563.865012012682,544634.9585244511,782964.8814519941,927593.9974888291,0.587147997937546,1751.3838383838383,731778.6930338105,3105401.2460797178,1996869.3286088794,0.6430310193021731
175,72132.27858946694,1833.6185627895134,225439.9720860934,297909.34743072855,360503.7137680364,0.6253471558718842,1594.3939393939395,256604.0540558876,299261.68108665635,8081.909075613941,1236797.0729413705,1536900.6725154985,1818885.5092707817,0.6799752192413809,12069.818181818182,1410820.782201602,232925.2281669981,5493.658614503819,550163.5561204124,783429.0220856196,928143.8740873086,0.5927567605414801,1751.3838383838383,731778.6930338105,3107533.0971261268,2012400.6011478764,0.6475878255356191
176,70650.26836568574,1808.3104294156276,227260.94003961445,298251.5431574918,360917.8089664503,0.6296750517532369,1594.3939393939395,256604.0540558876,292148.51424608816,7935.98487552053,1244805.7937674527,1537888.3653414631,1820054.4203142114,0.6839387767056719,12069.818181818182,1410820.782201602,227852.18230872037,5424.2996036609875,555622.5370008134,783893.4296991442,928694.0669821606,0.5982837155472928,1751.3838383838383,731778.6930338105,3109666.296262822,2027689.2708078804,0.6520600854325574
177,69195.74793462678,1782.9557193988962,229056.57702831898,298594.0480481307,361332.2782878191,0.6339222670991602,1594.3939393939395,256604.0540558876,285238.5408574232,7792.1220435997475,1252669.7155742878,1538876.6144770766,1821223.9897369214,0.6878174912220643,12069.818181818182,1410820.782201602,222898.30527343394,5354.520249217607,561012.0061507341,784358.1044461378,929244.5763553225,0.6037291154833877,1751.3838383838383,731778.6930338105,3111800.844380063,2042738.298753341,0.6564489184590789
178,67767.59398774778,1757.5613825202763,230826.83819538157,298936.862381966,361747.12207015225,0.6380889414529142,1594.3939393939395,256604.0540558876,278493.57191089046,7649.643441828143,1260390.4962890607,1539865.4202356762,1822394.2179097394,0.6916124315488177,12069.818181818182,1410820.782201602,218033.06253252906,5283.922769312229,566331.3029111503,784823.0464802596,929795.4023888373,0.6090923889880803,1751.3838383838383,731778.6930338105,3113936.742368729,2057548.6373955924,0.6607547961396426
179,66365.41153747059,1732.1474719209057,232571.69318807567,299279.98643857066,362162.3406517642,0.6421752542507011,1594.3939393939395,256604.0540558876,271899.0364660547,7508.367506630486,1267969.400175077,1540854.7829307748,1823565.1052036998,0.6953244480039771,12069.818181818182,1410820.782201602,213245.96783612279,5212.427801997338,571579.5504157506,785288.2559552564,930346.545264852,0.6143727338214953,1751.3838383838383,731778.6930338105,3116073.991120316,2072120.6437789032,0.6649779978536124
