Mes,W_potential_Norte,adoption_rate_Norte,adopters_Norte,W_potential_Centro,adoption_rate_Centro,adopters_Centro,W_potential_Sur,adoption_rate_Sur,adopters_Sur
0,39587.65385908356,57.69994642007931,1594.3939393939395,130613.49345875942,390.1058259895897,12069.818181818182,31601.010026981123,60.59118224540719,1751.3838383838383
1,39547.27488332328,59.49323575013315,1652.9858648400611,130252.1462815495,400.97103712352106,12465.33581173301,31546.795286669618,62.41371630139486,1812.882148159579
2,39524.961780436905,61.340917162938375,1713.3985062240113,129917.10757768404,412.07900378671593,12871.841063986512,31498.683321393604,64.28529659915863,1876.2276035840348
3,39508.078453787544,63.241460275472505,1775.6852965076162,129584.52138761285,423.4211951168463,13289.57181704786,31451.5912155878,66.205425454096,1941.4689134011921
4,39491.98291697279,65.19495246770244,1839.8990646879915,129245.54140974958,434.99416280582517,13718.760340871877,31403.634250012463,68.17434155951207,2008.654711497635
5,39474.919989313916,67.2020702487005,1906.0930750431044,128896.74321077285,446.79612981947884,14159.636474511493,31354.08247044747,70.19253770281937,2077.834022822418
6,39456.26736694258,69.26372187881877,1974.3213813680525,128536.83184695088,458.82578382416625,14612.428492861764,31302.658958040287,72.26059126949627,2149.0564054441193
7,39435.661957865195,71.38085937221221,2044.6390111984063,128165.00200145946,471.0815945620245,15077.363420012345,31249.190295560136,74.37907191336197,2222.3720134469963
8,39413.045313069764,73.5544925109523,2117.1019327144586,127781.02371197306,483.56188233846655,15554.666515076147,31193.624779142414,76.54854769318356,2297.8315484743284
9,39388.254971300536,75.78559152841675,2191.767148513193,127384.47550780152,496.26442311225645,16044.561253028025,31135.868939057546,78.7695342902657,2375.4862776303967
10,39361.26806024286,78.07514377198734,2268.6926094585924,126975.20217684345,509.1866751983335,16547.268642729832,31075.885043893195,81.04252176385525,2455.3879572150877
11,39332.03589946243,80.42411127921658,2347.937237069367,126553.00475520531,522.3255956371086,17063.006824121447,31013.624967961685,83.36795057623175,2537.588800572777
12,39300.41710799431,82.8334093761245,2429.5609407363386,126117.51525914854,535.6775358525498,17591.990809542836,30949.003451780554,85.74619815895046,2622.1414615192725
13,39266.399091564184,85.30396130125031,2513.6245128290316,125668.61300394687,549.238478024663,18134.431706102103,30881.986770222156,88.1776052316021,2709.098939035401
14,39230.0060039833,87.83667286547782,2600.1896132974616,125206.25241225885,563.0039242245663,18690.536119195647,30812.55596695813,90.66246021619526,2798.5145129415155
15,39191.119435761015,90.43237841921301,2689.318815694126,124730.12684373402,576.9686394157902,19260.505836470886,30740.635152922085,93.20096772589125,2890.4417231647058
16,39149.52461606909,93.0918458195038,2781.0755828238994,124239.75547701432,591.1266657461891,19844.537622582415,30666.11000673753,95.79324892243591,2984.9343445099257
17,39105.2984278392,95.81588807851689,2875.524058066788,123735.21278477235,605.4718546065395,20442.82166835675,30588.983127158448,98.43939934225885,3082.046191668509
18,39058.46800090259,98.60526295349631,2972.729137948808,123216.48795376641,619.9974034409478,21055.54147610805,30509.23748001757,101.13943254681693,3181.831107853012
19,39008.78558044918,101.46059222155009,3072.756530125473,122683.06248493155,634.6954503882164,21682.873789775174,30426.746356793086,103.89323246812755,3284.3429565635206
20,38956.2126173495,104.38250940771594,3175.6725299320206,122134.8198295199,649.5578061801172,22324.987191313783,30341.467141019526,106.70063292471761,3389.6354454465695
21,38900.82851323534,107.37163339441835,3281.5439687408557,121571.87470754444,664.5758507132259,22982.041397115867,30253.40487865615,109.56140141355324,3497.762025089421
22,38842.44903037314,110.42843053633369,3390.4383175362145,120993.85693938418,679.7398364085424,23654.187364783327,30162.459647544212,112.4751586113541,3608.7758906297963
23,38780.921440540704,113.55330664195897,3502.42352743825,120400.46618650372,695.0393640081052,24341.566256300343,30068.544715124284,115.4414280250527,3722.729846331236
24,38716.376701379544,116.74670292519195,3617.5678214607774,119791.94631140283,710.4639196469163,25044.308029731936,29971.687543458014,118.4596898347268,3839.676110468204
25,38648.71834344032,120.0089003199896,3735.9398294402467,119168.12598215532,726.0018665739617,25762.53171371027,29871.82535516237,121.52926589887984,3959.6663122225423
26,38577.64818634388,123.3400095847315,3857.6085489523784,118528.46722064489,741.6403934435426,26496.345055838297,29768.815462042352,124.64931128515563,4082.751436191276
27,38503.269974611154,126.74021714979818,3982.642955204309,117873.20003051801,757.3668788975566,27245.842204926503,29662.676928034296,127.81895687588082,4208.981511990075
28,38425.6727879534,130.20961954543108,4111.112071130447,117202.54045505049,773.1680444432598,28011.103833403737,29553.423965697082,131.03721167347638,4338.405572453308
29,38344.55474192907,133.74803662774727,4243.085092310025,116515.9839946768,789.0289408859329,28792.19762918596,29440.91541998497,134.30284941242823,4471.07166625655
30,38259.733659711805,137.35522570480595,4378.631058666625,115813.26539789264,804.9341596340363,29589.17643466371,29325.059198389747,137.6145344291656,4607.026611063502
31,38171.4837169146,141.03106148580227,4517.818504481413,115094.99192451876,820.8689111396345,30402.0762188656,29205.94712338981,140.97093053380732,4746.31568925913
32,38079.64740650168,144.77509396252265,4660.715827843654,114360.97516674988,836.8165856777989,31230.91808156611,29083.49964302491,144.37043387622677,4888.982791280556
33,37983.86467544686,148.5866270151934,4807.391110246178,113610.66180925668,852.7592178438005,32075.707250891704,28957.55758479235,147.81121838855896,5035.070264815387
34,37884.370112934994,152.46516054718066,4957.911473427638,112844.63227484279,868.6800779068934,32936.42957643911,28828.201327157,151.29150614202837,5184.618432952836
35,37781.102118381816,156.40990389369952,5112.343459594095,112062.92701460827,884.5609565411107,33813.053834635306,28695.394386821758,154.80927098577138,5337.665746119879
36,37673.76352049184,160.41977293214262,5270.752925084273,111265.1605752479,900.3821870086609,34705.53124562272,28559.007744551556,158.36223580777735,5494.248666789188
37,37562.47250827432,164.49379189819706,5433.204435817575,110451.74541984028,916.12503820267,35613.792334616715,28419.08048204937,161.94812201042208,5654.401221681123
38,37447.1969624237,168.63074521820195,5599.761465279167,109622.8289792162,931.7697752854984,36537.74847531049,28275.593502043765,165.56443601950576,5818.155042562158
39,37327.70151865956,172.82911155803654,5770.486345516103,108778.19420622906,947.2953348911158,37477.2918799347,28128.448409051878,169.20842915530022,5985.539286450664
40,37204.03262378701,177.08740109163156,5945.439724243856,107918.17164541212,962.6813655823994,38432.292975248965,27977.661758846603,172.8773104520398,6156.58023499503
41,37076.214423324185,181.40394921812648,6124.680581061035,107043.06782719315,977.9071088905503,39402.601210779445,27823.243457675875,176.5681209463369,6331.3012294398895
42,36944.04239619178,185.77673347942672,6308.266280592173,106152.77719226331,992.9504035340719,40388.04588036461,27665.114236899535,180.27762129964782,6509.722652566032
43,36807.42711564918,190.2036317514114,6496.252132350811,105247.42845563474,1007.7892718814568,41388.43418146606,27503.243330435336,184.00245757054694,6691.8616104431685
44,36666.52742493439,194.68256236452126,6688.691010572132,104327.63512535894,1022.4028224249344,42403.54995750864,27337.701903790483,187.7392544372876,6877.731633531411
45,36521.235681020305,199.2110288840581,6885.633646061245,103393.52703351271,1036.7686792150396,43433.156501896636,27168.45709417002,191.48433216089694,7067.342804542389
46,36371.245196064585,203.78612916621057,7087.128494753485,102444.8770138323,1050.8631173945992,44476.996223273694,26995.399041538698,195.23371659894403,7260.701657435447
47,36216.73776904889,208.40524039190197,7293.220750084128,101482.39394964205,1064.665132697833,45534.78626115412,26818.616237791855,198.98357903232974,7457.810507600094
48,36057.81573523266,213.06549424542496,7503.952699011081,100506.65397606898,1078.1534648798274,46606.22189187667,26638.168244263237,202.72991012667111,7658.667645487713
49,35894.15286018348,217.76334593777966,7719.364018993778,99517.44306819284,1091.3042010044815,47690.97921558581,26453.945968004628,206.46825213186565,7863.267505362482
50,35725.70551772193,222.49533546574452,7939.490766628892,98515.09478318167,1104.0952576944508,48788.71041792732,26265.956445537828,210.19418928951688,8071.600012056346
51,35552.71456821388,227.25816367072713,8164.365056530314,97500.4932687145,1116.506868073079,49899.04368448385,26074.32368214028,213.90340408189888,8283.650364692458
52,35374.98035705103,232.04779285511518,8394.015846794477,96473.70797259951,1128.5165132444536,51021.58911604601,25878.998400020533,217.59111325705953,8499.39953694941
53,35192.37718800267,236.86004448843676,8628.4681170559,95434.96138110015,1140.1024289827708,52155.93512928146,25679.964061333707,221.25245603382558,8718.823760808396
54,35005.095450487104,241.69098074117497,8867.742235349291,94385.08395941222,1151.2458089318138,53301.64680794078,25477.333872134077,224.88274530143863,8941.894141974806
55,34813.02694000447,246.53605217297232,9111.85467815478,93324.35592417598,1161.926053635834,54458.271710031426,25271.10465670258,228.47693500330993,9168.577146520282
56,34616.07357429698,251.3905015471206,9360.81743726988,92253.0877202756,1172.1231238448092,55625.337747129444,25061.280486127678,232.0298861536175,9398.834249228345
57,34414.378129680386,256.24976306674847,9614.637380936749,91172.05348778966,1181.819792991899,56802.35161721325,24847.965097141943,235.53662958238127,9632.621574437042
58,34207.89928334841,261.1087951428139,9873.31677734854,90081.68934119977,1190.9979859742803,57988.803849838325,24631.191679486612,238.99195264217428,9869.890296823702
59,33996.508318893415,265.9621943628994,10136.853044954716,88982.2747150951,1199.6394812084493,59184.16851089169,24410.96158634502,242.39048180602597,10110.586521977493
60,33780.36084735818,270.8048931348526,10405.237804358057,87874.63138921345,1207.7297310244562,60387.90012941907,24187.393200924256,245.727133849181,10354.6507623455
61,33559.51410831977,275.6315006673188,10678.457423562271,86759.40084925578,1215.2542709156596,61599.43902299203,23960.56858278681,248.99670904909283,10602.018395061805
62,33333.81367342997,280.4360229254714,10956.49319832759,85636.82972027258,1222.1972806850695,62818.213542025354,23730.488032201734,252.19372567065938,10852.619840980937
63,33103.288578276864,285.212659683539,11239.320358935198,84507.5131593956,1228.5458649797033,64043.6364869854,23497.228314226497,255.3129325370662,11106.380031495964
64,32868.19491061747,289.9560038573642,11526.907695292619,83372.47561953332,1234.2910149406696,65275.10545741723,23260.960051502996,258.3494420481218,11363.21830496424
65,32628.477715224453,294.6598422820427,11819.218790910476,82232.15460228942,1239.4212974611169,66512.01139460757,23021.73200454475,261.29798769846286,11623.049333663555
66,32383.918762090274,299.3173813590061,12116.211642278755,81086.67847894011,1243.9241403993842,67753.73741148601,22779.530218554166,264.1530781902019,11885.782945263327
67,32134.845717742726,303.92307730866514,12417.836614166321,79937.20181217237,1247.795162485399,68999.6507686038,22534.562033792245,266.91014772911893,12151.323026700737
68,31881.381339601998,308.4708453142954,12724.038330810352,78784.48804665038,1251.0288474357885,70249.11444883258,22286.955098213213,269.5644446768717,12419.56887840636
69,31623.30221499465,312.95353701819573,13034.756154006152,77628.64172302271,1253.616014841341,71501.49068966889,22036.700629243598,272.1107201607499,12690.415626704425
70,31360.81633538773,317.36512875705296,13349.921803217563,76470.57371448964,1255.5547372338617,72756.13080953794,21783.964873108132,274.54459232383806,12963.752911946664
71,31094.104313335138,321.6995370473046,13669.460641603428,75311.1341836856,1256.8442295867494,74012.38351536609,21528.905056852484,276.8618156634294,13239.4658965308
72,30823.07088231556,325.9497848051066,13993.292557201486,74150.64236192536,1257.4807721498776,75269.60033513827,21271.569623514173,279.0577767029737,13517.435959867245
73,30547.87363056234,330.1096741873173,14321.33018130947,72989.88296377052,1257.465796733138,76527.12830832464,21012.109990235786,281.1285285540695,13797.539768545008
74,30268.675740664617,334.1730794847773,14653.479725797575,71829.63800558812,1256.8022695566347,77784.31562385026,20750.681209261755,283.07035810462037,14079.650023936794
75,29985.465374180563,338.13328228535994,14989.641750720208,70670.34463427095,1255.4914842534665,79040.51621174383,20487.3693710025,284.87938602596034,14363.636103848772
76,29698.37461156667,341.9841165894222,15329.709994658637,69512.69610425884,1253.5383845182942,80295.08523038196,20222.31928765625,286.5522676400518,14649.363515588653
77,29407.605438490224,345.719792472137,15673.571702795321,68357.50069558849,1250.9505201030977,81547.38183834855,19955.704572842893,288.08608356204786,14936.694335459079
78,29113.203411755236,349.3339997042933,16021.108757884143,67205.2530424062,1247.7338159967817,82796.77515298773,19687.636638456297,289.47779965930175,15225.488110408294
79,28815.201992307037,352.82043722941864,16372.197177385922,66056.40599174653,1243.8949664400598,84042.6423650825,19418.222420621307,290.7245898005555,15515.601677065704
80,28513.897097336932,356.1740938574666,16726.705907032563,64911.88804733913,1239.446966493905,85284.36437301087,19147.674227452775,291.8245981299997,15806.888676835899
81,28209.441557325543,359.389541099717,17084.49901134877,63772.33619639283,1234.4012588313424,86521.33585142592,18876.146793768134,292.77591130285305,16099.201123933333
82,27901.785820799778,362.4605212061733,17445.436150873218,62637.98332661331,1228.7659856743076,87752.96743105887,18603.713358172543,293.57631870653404,16392.38979579815
83,27591.148929305884,365.3822290189749,17809.370393793364,61509.54727307497,1222.5557978811787,88978.6765782749,18330.554318213563,294.2246615074299,16686.303134748774
84,27277.807315250073,368.15044147730174,18176.14949039048,60387.83107567427,1215.7877474131406,90197.89329704634,18056.872248423762,294.7203023744435,16980.788239971935
85,26961.782052245075,370.7598333260423,18545.61791367181,59273.13144923295,1208.47407645285,91410.06844876059,17782.76623562084,295.0621324059469,17275.692220668025
86,26643.24468134597,373.2061000163452,18917.614800579155,58166.00534427354,1200.6311222525658,92614.66507496573,17508.39448417203,295.2498127366005,17570.861134080416
87,26322.449493874126,375.4857177681068,19291.974613474842,57067.141600642266,1192.2780211055456,93811.16087821977,17233.946894997913,295.2836177635289,17866.14057818444
88,25999.485124998966,377.59448897727583,19668.52901157969,55976.89116019801,1183.4306320777703,94999.05525589934,16959.545192334554,295.1635821477489,18161.376928759033
89,25674.514040896705,379.52892918711467,20047.10561058381,54895.71966281591,1174.1071354270057,96177.86390047992,16685.338846231032,294.89029792985525,18456.416737025655
90,25347.797062103476,381.2865254774927,20427.528117356327,53824.2537893265,1164.328822142486,97347.11874051501,16411.514692464938,294.465045822899,18751.10697517572
91,25019.470159779485,382.86430823419056,20809.618322412152,52762.859333242195,1154.1143020769666,98506.37464876787,16138.207144312346,293.88896363286847,19045.29632019656
92,24689.624527258184,384.25929066278655,21193.19579002459,51711.79267979933,1143.4812613452823,99655.20767818467,15865.530221124787,293.1632934292576,19338.835037133227
93,24358.565827907027,385.47035275520045,21578.076289758275,50671.6913127144,1132.453548637299,100793.20822703598,15593.681389811127,292.29043400471625,19631.574232540443
94,24026.513396429953,386.49619757375797,21964.074545767497,49643.00548612913,1121.053108192075,101919.98991937097,15322.820660563006,291.27276247475953,19923.36751219006
95,23693.511991183317,387.3345514549422,22351.00528895967,48625.83155660528,1109.297065883227,103035.19260443292,15053.035062481264,290.1121821200874,20214.071619393835
96,23359.76657037923,387.98469343768295,22738.680914347722,47620.54563748091,1097.2071582163735,104138.47268998969,14784.47289360463,288.81153096301665,20503.54518829693
97,23025.58843406446,388.4472077382697,23126.912302475423,46627.70250467467,1084.8085063916342,105229.50468525915,14517.321958373843,287.3744156270174,20791.649287005304
98,22691.074056317073,388.72132512211914,23515.512005591558,45647.42872011415,1072.1198878655348,106307.99121649103,14251.680559336617,285.8037227098992,21078.24920462883
99,22356.38678768412,388.80717505109715,23904.292118561145,44679.95606214642,1059.1619690091504,107373.65436405977,13987.670504067411,284.10286121749283,21363.213298846742
100,22021.802243279788,388.7062954620412,24293.06425386001,43725.708337854914,1045.9589180923008,108426.2339980239,13725.455238455383,282.2760199932448,21646.41301193674
101,21687.45481186459,388.41936810465006,24681.642343670195,42784.82274025162,1032.530364263156,109465.49587054132,13465.138025432192,280.32691200771035,21927.72439396958
102,21353.497782462917,387.9475952973409,25069.841427931693,41857.45343681829,1018.8962913851515,110491.22631489551,13206.826194063407,278.2595209982595,22207.027433878422
103,21020.191775878637,387.2936158660204,25457.47711761147,40943.93992046959,1005.0800618163605,111503.22887566267,12950.666605277063,276.0785793276072,22484.205759549477
104,20687.69769422919,386.4595050868408,25844.368194610142,40044.41652154052,991.1015416988364,112501.33103693233,12696.762509096046,273.7884713376232,22759.147981977392
105,20356.111679707858,385.4470016777305,26230.336494253646,39158.87908699959,976.9780075828612,113485.38294116582,12445.187577023045,271.39335437680484,23031.74760251554
106,20025.694032076764,384.2599165431393,26615.20478054903,38287.61929406332,962.7321066551293,114455.24877232994,12196.077818904057,268.8984337274014,23301.901833509997
107,19696.663582754583,382.9020524364078,26998.79937097227,37430.83690526526,948.3848522898224,115410.8134616675,11949.549057827495,266.3088321541149,23569.512904692474
108,19369.088904366505,381.3758835617394,27380.95174001024,36588.43478231259,933.9514887058433,116351.9864808197,11705.653271375468,263.62888991131473,23834.488837525325
109,19043.118182349524,379.6850464359864,27761.496082754435,35760.45464520749,919.4496370708285,117278.69298535153,11464.470929655736,260.86347897508404,24096.742101704924
110,18719.02472919079,377.83500041110256,28140.2690576333,34947.164620535026,904.9012324120135,118190.87121514614,11226.12934388247,258.0183284017935,24356.189373439556
111,18396.908935327392,375.8295034847808,28517.113707436783,34148.49634605763,890.3214202234986,119088.48330264738,10990.683054495876,255.0981703511455,24612.75346964554
112,18076.88161949947,373.672678267017,28891.877415950563,33364.39265058628,875.7252182649007,119971.50791160672,10758.187511050895,252.1078230618795,24866.362207160262
113,17759.168386388796,371.3703761218764,29264.410793470684,32595.006242012034,861.1316613113262,120839.93533952584,10528.741077562843,249.05288490566042,25116.947703943377
114,17443.881793264452,368.9273061159435,29634.57088246011,31840.269767799757,846.5550152764739,121693.77582428236,10302.393646860268,245.9382420770201,25364.44789344203
115,17131.121085577193,366.3482135092602,30002.22001316877,31100.08521272442,832.0085184455829,122533.05520503993,10079.186761689638,242.7686798261893,25608.805848839158
116,16821.081417660807,363.63936917989355,30367.22445018171,30374.531633588787,817.5088268977306,123357.80965757063,9859.197591265907,239.54963661439373,25849.96896310397
117,16513.88284796842,360.80627345401655,30729.45697526288,29663.542816671474,803.0691958452339,124168.09190384671,9642.470403503674,236.28602589637,26087.890092845413
118,16209.580286894357,357.8536774204464,31088.79687347573,28966.926607782687,788.6997184886962,124963.97052829048,9429.020624359307,232.98225389269874,26322.52747344047
119,15908.342591888235,354.78812763090775,31445.12741919325,28284.704722717303,774.4147673352546,125745.5216153512,9218.906894643436,229.64350340034196,26553.843310552427
120,15610.325151022895,351.61620174015917,31798.337817554853,27616.87271207334,760.2278363987733,126512.83326442074,9012.180052750897,226.2748346960099,26781.804596126065
121,15315.563812786497,348.34284431618835,32148.324969014328,26963.200041012384,746.1469420918662,127266.00972524135,8808.840650070535,222.88035816707978,27006.383861332924
122,15024.124219846606,344.9735238560224,32494.99120188921,26323.51305592355,732.1808866006861,128005.1644790938,8608.899007900065,219.46431984871867,27227.55795940848
123,14736.189792817615,341.515675701989,32838.242874673604,25697.862403637348,718.3432354590027,128730.41534423549,8412.41072842389,216.03181037549845,27445.30719689367
124,14451.813646834247,337.97482524233635,33177.99436478665,25086.05446084243,704.6415527472508,129441.8948735009,8219.377193395761,212.5868420040173,27659.61717512799
125,14171.030043117127,334.3562352811495,33514.16630648136,24487.862560001115,691.0821458890956,130139.74501879748,8029.790412500746,209.13317528826153,27870.477827542334
126,13893.9755593795,330.66691530159244,33846.683522886015,23903.25684281884,677.6755501299452,130824.11083647887,7843.681836893922,205.67530452193031,28077.882257811183
127,13620.70195471169,326.9125504926898,34175.47812787744,23332.050967902473,664.4282042058378,131495.14834380915,7661.047349004347,202.21695193206077,28281.828120200465
128,13351.233778345699,323.09837650538776,34500.48854767155,22774.011376354447,651.3449552165819,132153.02155023196,7481.8704816443405,198.76150561062562,28482.31705769345
129,13085.674795774834,319.2310211559235,34821.657558091785,22229.059064101686,638.4339851845735,132797.89676593273,7306.165297727224,195.31291557439002,28679.35361702318
130,12824.075908132858,315.3162309731428,35138.93451803886,21697.020332139222,625.700795115408,133429.94812462438,7133.923496054785,191.87459229228367,28872.946192346688
131,12566.431327079074,311.3587200308987,35452.275426744614,21177.619770066533,613.1479415709459,134049.3575276223,6965.112944005673,188.4493443741055,29063.106985073326
132,12312.811384781839,307.3645521014174,35761.640361447266,20670.73170719723,600.7812851597594,134656.30767147295,6799.731137009902,185.04052844862397,29249.85065516759
133,12063.290248532974,303.33987891133955,36066.994632048794,20176.243904992472,588.6066852827146,135250.98484102343,6637.77630359381,181.65144162744278,29433.194757415775
134,11817.851963602006,299.2891437237278,36368.310496246886,19693.880192285622,576.6254836361318,135833.5831331858,6479.209774403636,178.2844723863736,29613.160467300877
135,11576.48392163543,295.2167668854862,36665.56529660813,19223.377240445152,564.8389165055155,136404.29962797777,6323.993575154926,174.94191375842942,29789.771638480834
136,11339.275434516201,291.1290847029297,36958.73930901521,18764.67113406374,553.2529792899705,136963.32880537873,6172.130153258027,171.62688180051637,29963.053653757586
137,11106.222545970188,287.03059440490983,37247.81942401655,18317.52863787408,541.8689845407174,137510.87181398112,6023.584088381342,168.34154063808833,30133.0350944728
138,10877.291706687041,282.9251128146216,37532.797814583755,17881.6675922142,530.68658776497,138047.13309496702,5878.307721216237,165.08766194676625,30299.74705450117
139,10652.534871085001,278.8180875770367,37813.66939960058,17456.974488086937,519.7095129758869,138572.3140860018,5736.287472701735,161.86771302649527,30463.221855250384
140,10431.944387867743,274.7137039845213,38090.4346061904,17043.230366523236,508.93840913613286,139086.62013208936,5597.485666567194,158.68350209324475,30623.49427147011
141,10215.483312309287,270.61544221656106,38363.09866199417,16640.168087847964,498.3723067226963,139590.25878495382,5461.852748669926,155.53644867931575,30780.60115640205
142,10003.177137175442,266.5279824630643,38631.669458544726,16247.645648104024,488.01325730998076,140083.4346577801,5329.364205253213,152.4284739631438,30934.5803692978
143,9795.01771491842,262.4552236105081,38896.15936371059,15865.46465674233,477.8615259818566,140566.35400862925,5199.982064714405,149.36108189940822,31085.4715590284
144,9590.9516572803,258.39999077349995,39156.58538884985,15493.348383091548,467.9149599994723,141039.22523343097,5073.65027582306,146.3352323318564,31233.316211540936
145,9390.975729194173,254.3660694874555,39412.966924990214,15131.121874026692,458.17387064108,141502.25355625496,4950.33307362898,143.35228488823478,31378.156544358455
146,9195.100597388717,250.35746348063478,39665.32628849074,14778.6434102388,448.63923131606674,141955.6425523145,4830.000492698918,140.41365652103022,31520.035707838702
147,9003.27173970926,246.37664399531604,39913.69033944034,14435.655051568376,439.30857781605374,142399.59818485114,4712.596657023119,137.52002351178757,31658.998499387926
148,8815.426268424493,242.42575888820824,40158.08912135946,14101.889859676981,430.17891586023114,142834.32568818418,4598.062616469735,134.67188350813993,31795.090717197847
149,8631.585333164508,238.50873001830305,40398.553492777806,13777.246188726378,421.25158886194913,143260.02427450428,4486.373510730143,131.8705136614837,31928.358018203766
150,8451.706477467971,234.62795197783183,40635.11832560855,13461.508841661165,412.5245778719335,143676.89484986817,4377.479331613634,129.11646656150543,32058.847364767953
151,8275.716874850992,230.78499589262856,40867.821654315376,13154.411701257732,403.9942000467012,144085.13817120355,4271.318286574317,126.40989903991978,32186.606618159673
152,8103.611977165397,226.982888881672,41096.70216822609,12855.823741057235,395.6603452791284,144484.9492942866,4167.8564392202015,123.75160749421524,32311.68336296095
153,7935.348482937922,223.2236599652885,41321.80153024575,12565.546859847684,387.5208263384617,144876.5231899317,4067.0447760657576,121.14191769476544,32434.125945717864
154,7770.8564008832645,219.50858964962006,41543.16400897869,12283.338517348782,379.5719915935091,145260.05406136243,3968.8240607361304,118.58080369579984,32553.98330004211
155,7610.113794020139,215.83997997530557,41760.83450189924,12009.052604141467,371.81273824782954,145635.73106065206,3873.1548681902314,116.06868703280367,32671.30402584692
156,7453.079965596979,212.21958761436494,41974.85995699054,11742.513163607186,364.24094647896743,146003.74182323017,3779.9907872066474,113.60573273210188,32786.13702400589
157,7299.679501699129,208.64821908511007,42185.2896855812,11483.484143441456,356.8525976691647,146364.2733510695,3689.2720197230456,111.19167255585619,32898.53163778403
158,7149.869515312865,205.1273526589153,42392.173565438716,11231.796088785199,349.6454145468376,146717.5081658244,3600.9523901000907,108.82653350625779,33008.53682832294
159,7003.626431247018,201.65884422173428,42595.56217253106,10987.321008862189,342.6181725289733,147063.62488441585,3514.9940606212226,106.51050564401943,33116.201224637625
160,6860.880409307805,198.24331313630466,42795.50830911208,10749.84848280292,335.7671178784122,147402.80189181172,3431.341212817865,104.24322529443866,33221.57381703504
161,6721.54488722288,194.88084537315794,42992.066208174736,10519.141286776916,329.08755865440787,147735.21567357966,3349.93190737746,102.0240927991302,33324.703598742424
162,6585.610346251269,191.57335031342478,43185.28896277424,10295.11196432693,322.5790330829666,148061.0354211634,3270.7357289139495,99.85331794862554,33425.63840731166
163,6453.0302536540075,188.3217294678103,43375.23129884971,10077.607571463579,316.23905620632786,148380.4294020708,3193.708015747111,97.7306641256576,33524.426170948405
164,6323.700339313477,185.12531815417455,43561.95006166654,9866.370496662243,310.0619399305875,148693.5661545408,3118.7815433194505,95.65520720682325,33621.115128500016
165,6197.585677445303,181.98511238728443,43745.50082592085,9661.277832832948,304.04582994543193,149000.60728880236,3045.917516812959,93.62676137837364,33715.75232468929
166,6074.656072314096,178.90215414296185,43925.93941458346,9462.219379138214,298.1891511001311,149301.71105323266,2975.079649280015,91.64516486031287,33808.384288133086
167,5954.821213723513,175.87584908546106,44103.32353619644,9268.975283224354,292.48697947718495,149597.0360503013,2906.2081382767915,89.70954297096368,33899.05776613907
168,5838.030063996329,172.90652607082848,44277.710102755525,9081.403200198083,286.93658046798475,149886.73559550472,2839.259537184554,87.8194345789986,33987.81854402644
169,5724.243942898205,169.99476062357544,44449.155809203075,8899.3873811981,281.5359223623758,150170.9591961194,2774.195957049864,85.9744939216137,34074.71170668391
170,5613.386561110035,167.1400641162181,44617.71840576095,8722.744367765064,276.28086579122606,150449.8554563757,2710.9650093589353,84.17391816556041,34159.78221373824
171,5505.403723903048,164.34244790668993,44783.45503850161,8551.335362158774,271.1685157151438,150723.5686579221,2649.5237548640202,82.4171328014221,34243.0741736464
172,5400.251155569797,161.6021157846831,44946.422468379504,8385.043115189752,266.1965457183676,150992.2394292157,2589.833816049448,80.70365668098246,34324.63094753914
173,5297.85983497657,158.91854202232568,45106.67796497712,8223.706461702703,261.3612347986466,151256.0068214249,2531.847454336504,79.03270090250479,34404.4955606985
174,5198.167296887028,156.29130233335763,45264.278409233586,8067.179189685988,256.6592346496151,151515.00650863265,2475.5201227939347,77.40353187735329,34482.71031420238
175,5101.135876336721,153.7205750991287,45419.27969447739,7915.364261850627,252.0886139207295,151769.36968721257,2420.81778415663,75.81568862798359,34559.3165266558
176,5006.705802784383,151.20588200121009,45571.73797150598,7768.125284328204,247.64619060074557,152019.22590050634,2367.6980730051832,74.26843585165975,34634.355103597096
177,4914.798671401042,148.74617179595043,45721.709539124975,7625.292986658194,243.3277195766784,152264.7028690881,2316.1116820380507,72.76080214167477,34707.86649625938
178,4825.377338362119,146.34145612084342,45869.24910303434,7486.777883954588,239.13131676946892,152505.92298572414,2266.02638311898,71.29228792087038,34779.88994742472
179,4738.403872318533,143.99167630884452,46014.41088647798,7352.490947194454,235.05506437273,152743.00580346424,2217.4101479056417,69.8623739901903,34850.463991961806
180,4653.800078188394,141.69561239795246,46157.24972125884,7222.269167979243,231.09473803005062,152976.07042072903,2170.215300076488,68.47005174423408,34919.6269470698
181,4571.499428422731,139.45230579395695,46297.81956921785,7095.973269362487,227.24678050901235,153205.23247178752,2124.399336873332,67.11443813784807,34987.416276371005
182,4491.484587328184,137.26211375506952,46436.17239609045,6973.55821369496,223.51047255114662,153430.6019393781,2079.9399685631984,65.7952281552709,35053.86811299391
183,4413.693832436342,135.12411847844368,46572.3607882943,6854.89692049138,219.8825443933279,153652.2886987534,2036.7975751250074,64.51157938501674,35119.0184099691
184,4338.048807920313,133.03688554534722,46706.43716402701,6739.832458115308,216.35876258998127,153870.4009391915,1994.9263276010843,63.262440138701805,35182.90260710837
185,4264.526850381612,131.0004949950079,46838.45167866077,6628.314078781232,212.9381158785878,154085.04095501374,1954.303180237965,62.047420527393236,35245.554737652456
186,4193.074553302153,129.01412703117288,46968.45465463637,6520.234420851503,209.61781898604312,154296.31026217263,1914.8931977033315,60.865755813491944,35307.0084912378
187,4123.626882073574,127.07659104716521,47096.496037882534,6415.465429736431,206.3944109897342,154504.30853651365,1876.6572091215867,59.716534350328,35367.29699011054
188,4056.150491271963,125.18755373312304,47222.62412210442,6313.939801511966,203.26627212803865,154709.13108342563,1839.5691694183197,58.59922285832422,35426.45224818823
189,3990.5955745103943,123.34618136064509,47346.88691979356,6215.560270947103,200.23082808242353,154910.87174397695,1803.5968371835256,57.51308498327773,35484.50577733464
190,3926.9041273998664,121.55137041667487,47469.33192770751,6120.215112818004,197.28502586550098,155109.62246322358,1768.7050775681848,56.457280440549354,35541.48849656144
191,3865.0407968574386,119.8026303795961,47590.00520007856,6027.836127338835,194.42713311269407,155305.4714702352,1734.8682265347989,55.43124160511623,35597.4303394753
192,3804.9622872308296,118.09921440598336,47708.952234008444,5938.340984331593,191.65495503481185,155498.5051702207,1702.05780738668,54.43430195110964,35652.360651684656
193,3746.6112644918503,116.43994164610871,47826.21815841735,5851.621710087296,188.96547442341952,155688.80857031915,1670.2400754405191,53.46562069714057,35706.308282852944
194,3689.947004866393,114.82407905610363,47941.84681836635,5767.602304130715,186.35664372136569,155876.46347247358,1639.388301118468,52.52455828988104,35759.30119946124
195,3634.941025308502,113.25122213336465,48055.88088430975,5686.230449737447,183.8271331323867,156061.54876625247,1609.4810083272719,51.610624812481504,35811.36654193655
196,3581.543178679132,111.72031555320905,48168.36286936535,5607.4136642120475,181.3743414412237,156244.1425476592,1580.4883637700564,50.723063380433686,35862.53107736225
197,3529.694805340123,110.23002949019433,48279.33474246904,5531.044022691485,178.99516316668425,156424.32135514176,1552.3774457607426,49.86101071369764,35912.821037710906
198,3479.375148573993,108.78011211904177,48388.83654312681,5457.085413182857,176.68871759194553,156602.1574375284,1525.1308429063113,49.02407051802516,35962.261537280065
199,3430.5454376835937,107.36976806626852,48496.90803828247,5385.468296714618,174.45306432002963,156777.7221461793,1498.724225587597,48.21162486828641,36010.87729231905
200,3383.1516014890135,105.99773291887333,48603.58865466832,5316.094784358117,172.2853580284124,156951.0858242991,1473.1274252934777,47.42286633298114,36058.69260027178
201,3337.1670945349865,104.66352682552875,48708.91620426549,5248.919154448405,170.1843717531546,157122.31528343528,1448.3215947986291,46.657328657247554,36105.73080400261
202,3292.555748234922,103.36637079410384,48812.92799156982,5183.877930775461,168.14830895292775,157291.4760741475,1424.284305872922,45.9144273594112,36152.014774209776
203,3249.2713805047274,102.10517306743142,48915.66084133092,5120.889124154992,166.1747777941457,157458.63256377462,1400.9893837863517,45.19345414308528,36197.56692983703
204,3207.285580389235,100.87934753953036,49017.15026208328,5059.9044592997225,164.26243233732754,157623.8462920594,1378.4180398325798,44.49392270769613,36242.408887236496
205,3166.5668203272758,99.68820147406383,49117.431080273534,5000.870050034403,162.40973938100979,157787.17727930725,1356.5504875827173,43.81530947501781,36286.561740650446
206,3127.071944918244,98.53068305441181,49216.53771594039,4943.710370529704,160.6144732124574,157948.68459677274,1335.3625215072466,43.15694699427846,36330.04618862723
207,3088.7673974518225,97.40600913216372,49314.503543908875,4888.368153459147,158.87497154695438,158108.42511227465,1314.8340210140925,42.51828884507428,36372.882266924345
208,3051.633037126198,96.31378180696571,49411.36077533392,4834.811536474851,157.19036367897104,158266.45328640702,1294.9504741578016,41.89895827888139,36415.0893046368
209,3015.632932358182,95.25312243663281,49507.14136770411,4782.979110501815,155.55883864940049,158422.8230105196,1275.6912576143206,41.29838278913168,36456.68632300264
210,2980.7209970300114,94.22283649280861,49601.87686040782,4732.790511138127,153.97797703116862,158577.58728607348,1257.031892763793,40.71586393292628,36497.69196853737
211,2946.8806753391746,93.22259725367292,49695.59717786069,4684.221016015987,152.44710790504794,158730.79587036435,1238.9599449321538,40.151075370355755,36538.12401244546
212,2914.086339993926,92.25179819632052,49788.33180867113,4637.228935030585,150.96501787790433,158882.49764288124,1221.4595435968943,39.60357925916446,36577.99985799269
213,2882.296125623633,91.30933671099112,49880.1100394157,4591.742123694395,149.52952272769528,159032.74107885198,1204.5085036468924,39.072735458881674,36617.336645496835
214,2851.4892205238984,90.3947297816557,49970.9598313651,4547.72808669195,148.13968528525947,159181.5720349911,1188.0932657590604,38.558170492200894,36656.150782593104
215,2821.641702508028,89.5073929565261,50060.908562834156,4505.1485229657355,146.79437893301548,159329.03524099698,1172.1992051154648,38.059474031002395,36694.458264690584
216,2792.7183841428423,88.64639482199748,50149.98329610373,4463.943983475151,145.4918008289207,159475.17483607703,1156.8073563007638,37.57609574022365,36732.274794228535
217,2764.697010670267,87.81118386332814,50238.210045194755,4424.079354977581,144.23091337282793,159620.03293097919,1141.9041071583663,37.1076504099711,36769.615475209
218,2737.5571575445542,87.00125654964128,50325.61412398325,4385.522969808056,143.01078344485694,159763.65031198022,1127.476743114922,36.65377825644856,36806.494966165905
219,2711.267658689917,86.21577851277758,50412.22055304773,4348.222961545312,141.82983198867856,159906.0672513463,1113.5084011703013,36.21398584594214,36842.92765912307
220,2685.800431732331,85.45400073245946,50498.05364329774,4312.133250049051,140.6866582786285,160047.32269112882,1099.9836073361744,35.78782067141848,36878.927506905646
221,2661.1435413272134,84.7156555674321,50583.13659778664,4277.238086223719,139.5808208639412,160187.4534712497,1086.8935079838602,35.37503687274552,36914.507858987585
222,2637.273204081889,84.00011194738555,50667.49239578995,4243.499413371167,138.5111659411315,160326.49607998913,1074.2246421406217,34.975240841510114,36949.681842357255
223,2614.153502525249,83.306365021553,50751.1438102428,4210.856327014063,137.47580870256408,160464.486690005,1061.9588241559236,34.58788707439483,36984.46237138989
224,2591.770986833007,82.63408449033352,50834.112354767654,4179.290113023239,136.47420215861686,160601.4590922225,1050.0870053993547,34.21271699607572,37018.86170866822
225,2570.1112865682585,81.98290792005307,50916.41901242259,4148.780271311523,135.5057398291817,160737.44613955743,1038.5998968310025,33.849462709210954,37052.89177656953
226,2549.1431027179287,81.35195412776281,50998.08474346251,4119.274420782813,134.5687970166534,160872.48074762078,1027.4815496414258,33.497643374932835,37086.56437515098
227,2528.8493822986748,80.74076957153372,51079.12953754631,4090.746896691826,133.6625963430609,161006.5940339962,1016.7218436212002,33.15696109107387,37119.890787223405
228,2509.2162053202146,80.14899210850545,51159.57276430328,4063.177853017848,132.7865433396509,161139.8160143859,1006.3120299615559,32.82715996409241,37152.88192959476
229,2490.2179363182167,79.57589898891743,51239.43364769743,4036.5253489837046,131.93933668513117,161272.17653546788,996.2387764690629,32.507837042053495,37185.54855692176
230,2471.836545220589,79.02099490651176,51318.730678742366,4010.761663365881,131.1201255880761,161403.70412408173,986.491906668364,32.19868807616314,37217.90101772418
231,2454.060209406898,78.48397046890722,51397.481665826126,3985.870660783228,130.32842666533256,161534.42609142372,977.0638363301605,31.899489943092277,37249.94927868926
232,2436.8675399669382,77.96422115520659,51475.70424237538,3961.818141366087,129.5631780952044,161664.3695284925,967.943247379223,31.609899536372893,37281.70314296022
233,2420.2352188561485,77.46107984149347,51553.41563793616,3938.566194633155,128.8231971465119,161793.56085769366,959.1181460297294,31.329550915480365,37313.1721559615
234,2404.1566654963567,76.97438792003925,51630.63210590739,3916.1082796115984,128.10830071751758,161922.02471632912,950.5833396924666,31.058293571312497,37344.36536785202
235,2388.6176237129694,76.50374976281472,51707.36969705848,3894.4233375068798,127.41784069234492,162049.78547179015,942.3306499802173,30.795880987731156,37375.2916625763
236,2373.5910226485603,76.04837451774027,51783.64442890415,3873.4661329279284,126.75039458042951,162176.86755203336,934.3468510690116,30.54190469924484,37405.95983117197
237,2359.0646174916938,75.60792240616027,51859.47143809783,3853.2192033402434,126.10542541890646,162303.2937876249,926.6247420995306,30.296147287101824,37436.37821902578
238,2345.0326283000572,75.18224984028988,51934.865248490736,3833.6771410085503,125.48278043994308,162429.08593877175,919.1597939044995,30.058475808221516,37466.554841171615
239,2331.4727843057817,74.77070540049044,52009.84049531905,3814.8034488530934,124.88131150761586,162554.2661102563,911.9409483058944,29.828548176317515,37496.49768839162
240,2318.369838255675,74.37285067267428,52084.411205921926,3796.574734759196,124.30028795351492,162678.85534413773,904.9600369777481,29.606113685894876,37526.21442842593
241,2305.717418631971,73.98851794800366,52158.590749810515,3778.9841905466556,123.73950853412735,162802.87352373498,898.2125210574382,29.391036878074672,37555.71238743942
242,2293.497806537344,73.61718916418968,52232.39247937827,3762.003585037683,123.19808544150501,162926.34062379436,891.6893854196908,29.18303863166717,37584.99882102517
243,2281.6954414425777,73.25841056885253,52305.82931881027,3745.6086471969134,122.67525629285915,163049.27590641569,885.3825478136843,28.981868931736823,37614.08074410748
244,2270.3046957579554,72.91203235107892,52378.91352797201,3729.7936756934837,122.17085223767646,163171.69746140818,879.2879718923217,28.78740656106687,37642.964833974416
245,2259.3117773766403,72.57765207386238,52451.65728044215,3714.5375289409885,121.68420920009075,163293.62333176183,873.3984128828286,28.599427167532408,37671.6576752625
246,2248.6975283427028,72.25470033227508,52524.07258300195,3699.8088856599984,121.21433592981427,163415.07135514845,867.7045374273972,28.417638965936362,37700.16572762344
247,2238.4578454421903,71.94307004908866,52596.17064640367,3685.604620703401,120.76114353830124,163536.05793707736,862.2031031131233,28.241944623993295,37728.49506451734
248,2228.5859614416995,71.64257108756877,52667.96244736258,3671.9165067075132,120.32437914183954,163656.59914546832,856.8898570162005,28.072214087252675,37756.65161041818
249,2219.0622686935667,71.35261603574361,52739.45905570107,3658.7120917024113,119.9030126729694,163776.71134569953,851.7554565299632,27.908153820944975,37784.64127940009
250,2209.8741350010914,71.07283118029291,52810.67102342141,3645.9719391282047,119.49643028335666,163896.4100088414,846.7934068219931,27.749561029641143,37812.46972138196
251,2201.0219588402306,70.8032440897045,52881.6082038322,3633.7010069402822,119.10479971165601,164015.7093588803,842.0024846397761,27.5964015321118,37840.142248589145
252,2192.491136121337,70.54341825748344,52952.28063360096,3621.8759677003886,118.72738123223164,164134.62408903017,837.3755055582866,27.4484497405386,37867.66420539061
253,2184.2668104759287,70.29290815409298,53022.69808075912,3610.47292937576,118.36341621529047,164253.16847925977,832.9052317342813,27.305477945394106,37895.04078114676
254,2176.3478296790845,70.05169087926895,53092.869616646756,3599.4936628905552,118.01296870526991,164371.35556189576,828.5899614132734,27.167435699099304,37922.276833265794
255,2168.72297861423,69.81943174419423,53162.8043652851,3588.920940319108,117.67549284012297,164489.19857857967,824.4240055778631,27.03414437870892,37949.377201420546
256,2161.378142983225,69.59570541511363,53232.51128686663,3578.731998521514,117.35026452402646,164606.7105567373,820.4005564898933,26.905389134645027,37976.346618511016
257,2154.3114847373436,69.38046561780602,53301.99870955504,3568.9270567736853,117.03729677191095,164723.9033978663,816.5177658798874,26.78111404970263,38003.18951668999
258,2147.5151031391674,69.17347788915265,53371.274911039916,3559.4948566766043,116.7362339066656,164840.78900648069,812.7713961995782,26.661186295132133,38029.910271560184
259,2140.973706293608,68.97427811775803,53440.348166359436,3550.410167473784,116.44627120391706,164957.3793809817,809.1542872294987,26.545378917727508,38056.51322319283
260,2134.683299377332,68.7827513558283,53509.22616970369,3541.6689046535225,116.16728241916104,165073.68548813445,805.6638415359679,26.433611283109006,38083.00243631264
261,2128.64281428069,68.59887293842407,53577.91630169085,3533.2724017317382,115.89931509560468,165189.71778155575,802.2986699065543,26.32584142551079,38109.38181290087
262,2122.8390270695345,68.42224093588052,53646.42610924368,3525.1990708405906,115.64168035040048,165305.487131487,799.0525476311146,26.221871812223,38135.65529353595
263,2117.256873602925,68.25239557995079,53714.76298720451,3517.423787949082,115.393575204958,165421.00420468202,795.9185462098272,26.121482042712813,38161.826725477855
264,2111.9026369642916,68.08953867031025,53782.93346088069,3509.961465604392,115.15548253834385,165536.27806849175,792.8983206408002,26.024727497928232,38187.89956539225
265,2106.770794922721,67.93350561209314,53850.94422699977,3502.804757343206,114.92717006305072,165651.31821203878,789.9888276384411,25.931512411867587,38213.877313610275
266,2101.840509279797,67.78365592197835,53918.802267993815,3495.9174623966974,114.7074779632192,165766.13476642568,787.180918527874,25.841544475502097,38239.7635623812
267,2097.1129874493568,67.64003279829251,53986.51369308529,3489.3047333797413,114.49657492607531,165880.73625054368,784.4743042812346,25.75481616679242,38265.56151515853
268,2092.5893920763165,67.50267790488554,54054.084431462456,3482.971567068243,114.29462459888781,165995.13091709322,781.8687056568438,25.67132021332572,38291.27427565388
269,2088.253233090471,67.37108432261167,54121.52078728033,3476.8897195230306,114.10072200063279,166109.3278285655,779.3567989293961,25.590822557703635,38316.90507939518
270,2084.1009437351163,67.24514606147244,54188.828491054344,3471.0551623276024,113.91474022951648,166223.33501257302,776.9364628551364,25.513256406321073,38342.456900394835
271,2080.132879316624,67.1248787811666,54256.01298467134,3465.471169474845,113.73678704537878,166337.16001431737,774.607172147659,25.43860625543982,38367.93257039431
272,2076.3373994049343,67.0099250574048,54323.07992395706,3460.1184087662473,113.56624323769353,166450.81087033343,772.3636202753869,25.366702596677897,38393.33498858738
273,2072.709915877933,66.90014630438039,54390.03458803528,3454.9907352779624,113.40291338253583,166564.29496012756,770.2033488091251,25.297467498041165,38418.66687689402
274,2069.2500012159976,66.79553309132275,54456.88197341676,3450.089758626156,113.24685131517161,166677.6191877017,768.1255883311629,25.230877341531844,38443.93081975318
275,2065.9488246931774,66.69581443229671,54523.62719286394,3445.401237343081,113.09760098132479,166790.790753209,766.1262246790488,25.16680071994904,38469.12943080694
276,2062.7987416673263,66.60075590551743,54590.27517890674,3440.913098425472,112.95477586486848,166903.81657628305,764.2016395654305,25.105122096831572,38494.26523023904
277,2059.8020582608824,66.51043247889184,54656.830412510084,3436.631906836905,112.8185888392662,167016.70276880794,762.3522208644458,25.045854918221966,38519.34053259185
278,2056.9536072227647,66.4246864448251,54723.29747466877,3432.5501278115253,112.68879917430408,167129.4557023393,760.575381933512,24.988916758027393,38544.357676909414
279,2054.2404651362367,66.34311840114773,54789.681057866175,3428.6455964686206,112.56469530262447,167242.08202918826,758.8654479229353,24.934125600648233,38569.31903187005
280,2051.6634660014884,66.26575695383679,54855.98529696918,3424.921942841087,112.44639538826826,167354.5873831099,757.2222726745963,24.88147750815872,38594.22671855379
281,2049.226363296173,66.1927215693012,54922.214111701396,3421.3882284930464,112.33419236251206,167466.97704237705,755.646896772479,24.831006766938312,38619.08275326122
282,2046.9174946037915,66.12365151549307,54988.37178454415,3418.0244963932073,112.22744535320916,167579.25704859517,754.1342024379557,24.782549130348066,38643.889288032435
283,2044.7244915274623,66.05816374639264,55054.46250332839,3414.809411543885,112.12546893012384,167691.4333184593,752.6788052941916,24.735931666494107,38668.648421167076
284,2042.6584446367167,65.99660586526936,55120.48961004888,3411.765667788961,112.02899450707837,167803.51018528582,751.2847329827574,24.691284819843602,38693.36188621834
285,2040.7146670398834,65.93883393626407,55186.456830160576,3408.88626434959,111.93779787390032,167915.49278193794,749.9497084065458,24.648535766000673,38718.0315624785
286,2038.8765293554607,65.88433163570423,55252.36815564601,3406.1417128818753,111.85093088908258,168027.38681264006,748.6666854159791,24.60745784074372,38742.659426842605
287,2037.151139708089,65.83332224944877,55318.22673398364,3403.5470807053616,111.76887942045346,168139.1963967429,747.4381397189336,24.568131369826403,38767.24709359414
288,2035.5367074041462,65.78575169355074,55384.03589039829,3401.1006687979743,111.69158967384672,168250.92605015336,746.2629960502053,24.530522158613373,38791.79623876187
289,2034.0216971938423,65.74126194542744,55449.79915754882,3398.782424051922,111.61841692658895,168362.58074132848,745.1362889461053,24.494470501915007,38816.30861285196
290,2032.6088653584236,65.69994043305626,55515.51952697056,3396.599103155899,111.54957944616835,168474.16443879032,744.0587898402938,24.46000169281745,38840.785730858624
291,2031.296352964836,65.66173063594043,55581.20004303121,3394.54874867027,111.48501495186302,168585.68126139118,743.0294335750714,24.42708176808144,38865.22911898981
292,2030.075510501318,65.62636413469248,55646.84387401516,3392.6166029042056,111.42424897659143,168697.13561463906,742.0444466229153,24.39558935953389,38889.64034454416
293,2028.9470130153313,65.5938632387735,55712.45381002246,3390.8053880554276,111.36736979407985,168808.53121670018,741.1038015999064,24.3655239232665,38914.02080801712
294,2027.9110704833308,65.56423571899388,55778.0325719796,3389.1169131184683,111.3144362680952,168919.87169608095,740.2072956334949,24.3368792411654,38938.37187163232
295,2026.960094254742,65.53724595635565,55843.583044424195,3387.5382960314278,111.26503415749502,169031.16104112007,739.3516124692106,24.3095486133766,38962.69495628755
296,2026.089059633978,65.51273820567874,55909.107952907,3386.061434905261,111.21890307235643,169142.4029741112,738.5344728826697,24.283458768731016,38986.991408039576
297,2025.3041429617276,65.49090622516776,55974.60959541905,3384.699236996875,111.17645917612184,169253.60043027255,737.7580938811691,24.258681519884128,39011.26238705883
298,2024.602032513834,65.47164765512915,56040.09049360097,3383.4467471060125,111.13754338929277,169364.75681762325,737.0209013287958,24.235166325170862,39035.50913804476
299,2023.96992291949,65.45456368654396,56105.553394167604,3382.281137642708,111.10142095259971,169475.87601911262,736.3175275403091,24.212740174134957,39059.732990968645
300,2023.4119700374767,65.43978487343146,56171.00044356661,3381.2114161693494,111.06838237124028,169586.96079248723,735.6494071032193,24.19144958385756,39083.93501937145
301,2022.9310691637033,65.42740243716993,56236.433760018,3380.2441888591643,111.03864083197769,169698.01387771426,735.0174780530986,24.171325045412555,39108.116277699286
302,2022.51686121012,65.41709370970219,56301.855810919566,3379.361126103671,111.01160631417326,169809.03872701147,734.4173776324467,24.15222592294909,39132.27795793309
303,2022.1697469509768,65.40887191106079,56367.26866353418,3378.5640840484803,110.98733894253101,169920.03805229327,733.8490605411632,24.13415093267574,39156.42107940481
304,2021.8916333839666,65.40279728925971,56432.67427620677,3377.8577184864207,110.96598902736982,170031.01438854114,733.3130922688428,24.117118504812858,39180.54660968999
305,2021.6754955378924,65.39865109634661,56498.07482725441,3377.229873480292,110.94716529866227,170141.97072971595,732.8064679369429,24.101031787545622,39204.655601135084
306,2021.5201085854392,65.39639567612346,56563.47225539896,3376.6792622067555,110.93082658522182,170252.90963791194,732.3285127899625,24.085869143462865,39228.74900066858
307,2021.428013872185,65.3961110010106,56628.86832487373,3376.2116458985192,110.91715876914665,170363.8333687965,731.8800672960792,24.071657854112388,39252.827676977395
308,2021.3943231171204,65.39764492499654,56694.264978482446,3375.818799284174,110.90589712987139,170474.74455401994,731.4590025121219,24.05832931204607,39276.892567070325
309,2021.4124777399188,65.40079304670199,56759.66415836771,3375.489332232044,110.89667493877117,170585.6458535793,731.0625267383426,24.045793490560467,39300.94460216349
310,2021.4886481748035,65.40574864665265,56825.06735643465,3375.2357449316523,110.8898951589014,170696.53908471423,730.6929526974974,24.034125190831737,39324.98452165125
311,2021.6228061535398,65.41251133676818,56890.47620920504,3375.0588658697297,110.88558472142161,170807.42637259507,730.3501160912105,24.023319223905663,39349.01311975537
312,2021.8042051783511,65.42074573856377,56955.89264055157,3374.939360753996,110.8831208776574,170918.31042602746,730.0295652410623,24.013231924674027,39373.03130477292
313,2022.0328479253476,65.43045233043294,57021.31819102799,3374.878067896424,110.882530815367,171029.19323816366,729.7311592133973,24.003858833817866,39397.03982151604
314,2022.315223028149,65.44183431311015,57086.75415272008,3374.8879886899676,110.88423365253418,171140.07634695983,729.4573600653185,23.99527956436167,39421.03930734832
315,2022.6437299312943,65.4546545128447,57152.20221478102,3374.955630033779,110.88779478675028,171250.96208427032,729.2049917560561,23.98739162201942,39445.030559635816
316,2023.0152080488128,65.4688144808143,57217.66388474796,3375.075819036352,110.89304768396116,171361.852454727,728.9726613917114,23.980150094495066,39469.01429630738
317,2023.43441241676,65.4844632019362,57283.140380887424,3375.258233828694,110.90030437009676,171472.748926759,728.7621511444137,23.97361262508593,39492.99111143773
318,2023.8965554200186,65.50145133557587,57348.63318025639,3375.4946023422262,110.90929842959206,171583.65349283826,728.5714255732753,23.967713537772894,39516.96170232015
319,2024.397750358283,65.51965766383213,57414.143692833575,3375.778324974968,110.91981731689803,171694.5680380352,728.398814396447,23.96239894230513,39540.92673468366
320,2024.9424087060959,65.53922040737444,57479.67303075318,3376.1183734410506,110.93215028865419,171805.4938928936,728.2459751496119,23.95772244802412,39564.886747276716
321,2025.528201216051,65.56006702337835,57545.22248097141,3376.5110354995873,110.94617784147955,171916.43274744897,728.1118695175869,23.95365057397566,39588.84234773305
322,2026.1487623577534,65.5819987191756,57610.79342131883,3376.9449965944714,110.96153544492,172027.38648832985,727.9938464364326,23.950097729022183,39612.7941779019
323,2026.8075174529056,65.60512285280767,57676.38688859355,3377.427319669942,110.97845083216451,172138.35636218937,727.8931800400579,23.947105128485735,39636.74273519761
324,2027.5032243017065,65.62940081798926,57742.004032455574,3377.9562803820904,110.9968685365642,172249.34385366377,727.8092785984438,23.94465370538236,39660.68856060995
